x1,x2,y,fold
0.1257302210933933,0.41925483421092963,0,3
-0.1321048632913019,-0.5022445517110371,0,2
0.6404226504432821,-0.8576999593888491,1,2
0.10490011715303971,-1.600305240050695,0,4
-0.535669373161111,-1.680333677376483,0,0
0.36159505490948474,-0.12212012008830882,0,0
1.3040000451301372,-1.5747339233964615,1,4
0.9470809631292422,-0.015105989728721037,0,1
-0.7037352358069926,-0.7979808719108553,0,0
-1.2654214710460525,-0.4261645426770567,1,1
-0.6232744625373522,2.125367694038127,0,2
0.0413259793472436,0.04826252963020127,0,4
-2.3250307746388343,-0.34355291840832275,0,3
-0.21879166393254573,-0.17333583294650193,0,1
-1.2459109472530652,-1.4736572126566936,1,2
-0.7322673547034516,1.3391492634008868,0,1
-0.5442589828573099,0.8478164192204933,0,4
-0.31630015636915454,-0.5319951317245865,0,2
0.4116305363741328,0.22928816893680393,0,0
1.0425133694426776,-0.6715777258117438,0,0
-0.12853466294403426,0.39628122957944006,1,1
1.3664634705496859,-1.342972718457158,1,0
-0.6651946734866135,0.2674707027653644,0,4
0.3515100700930197,1.501269838389877,1,1
0.9034701816518086,0.4462812743097214,0,4
0.09401229776087457,-0.5900893871187699,0,2
-0.7434992493538084,0.9497699794368943,0,1
-0.9217253762584194,1.9505429963398921,0,4
-0.45772582566733916,0.7309340331778122,0,1
0.2201951234700494,0.09723401287929019,0,2
-1.009618183538736,-0.8022183266853654,0,4
-0.20917557487171307,0.43563902926078135,0,0
-0.15922500991447772,1.9222667448598572,0,3
0.5408455846858077,-2.0168801677078405,1,1
0.2146591225063409,0.9772894218302323,1,4
0.3553727090399214,0.1477918740539763,0,1
-0.6538286094183394,1.513356678088235,0,3
-0.12961363369276946,-0.1279350161218916,0,2
0.7839754700613295,-2.1637225002510383,0,1
1.4934311452207607,1.991437390827985,0,3
-1.2590655321041202,-1.1593828941844972,0,0
1.5139237747390626,0.8003202218339576,0,3
1.3458754237823045,-0.12757028392091072,1,3
0.7813114007004275,-0.039586295612992255,0,2
0.2644556303293035,0.13762385663455323,0,4
-0.3139228145364278,-0.5458660678910507,0,1
1.4580206835369587,0.18658385706965344,1,3
1.9602583164499647,0.30767501975974476,1,3
1.801634869866125,0.8016005617257888,1,0
1.31510376473437,0.12502151018795993,0,1
0.357380410658956,0.3186921584652938,0,3
-1.2083186322821715,1.3281845214457484,0,0
-0.004454133120083229,-0.90202180959845,1,1
0.6564749350763358,0.0701438969028336,0,4
-1.2883614637495544,0.4783125142391768,0,2
0.39512206018200824,1.0354364024450002,0,4
0.42986369482223,-0.06358214292485033,1,0
0.6960427239628685,0.09934888618945807,1,3
-1.184117966757189,-0.3449469321283783,0,1
-0.6617025720390349,1.2402560275393517,0,1
-0.43643524714322124,-0.3211720506002192,0,3
-1.169801907772864,0.6852925998502195,0,4
1.739367877130134,-0.10187509913215054,1,1
-0.4959107284421519,0.030844713746850376,0,0
0.3289696294602021,-1.2230582154290968,0,0
-0.258572545473924,0.056712078867681454,0,2
1.5834728788021222,-0.029646084746642484,1,3
1.3203609870818391,-1.4836004852469666,1,1
0.6333526228249152,-0.7404403951036377,1,2
-2.2035098806466507,-0.4538522858881673,0,1
0.05202897425988651,-1.528704588534967,0,2
0.6836861907765345,-1.2171637678785086,0,4
1.0039615758421696,1.469563305549162,0,0
-0.6179070447076008,-1.0299824237515514,1,1
1.8220113633283233,-0.8566779839584403,1,3
-1.3204309700132935,-1.395761111293656,0,2
-0.6615280218152191,1.227381918145922,0,3
0.9350499881140221,0.9182081634963974,0,0
0.049054613825311656,0.3182166183317675,1,3
2.002392583645255,0.08424070329213044,1,1
0.18851919251246557,-0.4918737495436677,0,3
-0.6331940901922267,-0.2844091606352633,0,4
-0.37756350523280824,-0.6741547401790442,1,4
-1.0911461176191954,0.6582674220931423,0,1
-1.277680166386608,0.6921943754945254,0,4
0.6304114907682319,0.9126284235236749,0,3
0.5811658124128057,2.048895034141977,1,2
1.294558819441117,0.7071686324356526,0,1
-0.7546057912599311,0.6345284188277793,0,1
1.689107452443673,1.0036979770662597,0,1
-0.2873877078086663,-1.542009857846187,0,0
1.5744082788445868,0.0047324644067568535,1,3
-0.4327858471825968,-1.5125028978702022,1,4
-0.735483292342275,1.5772521625152471,0,4
0.24978537155866684,-0.4930096168284752,0,3
1.0314530848694723,1.7731207696776596,0,3
0.16100957671534466,1.0615231003799113,0,4
-0.5855288241233366,-0.5522362057347033,0,1
-1.341219714076669,-1.6597664935592873,0,4
-1.401520214917428,-1.1240173337485642,1,3
0.5026828498748657,1.0387212032559374,0,0
0.989713033285805,-0.3213026047289114,1,2
-0.1642945926252907,-1.4812850960866757,0,4
-1.0743648582284346,-0.22471171065876866,0,2
0.8730421526217066,1.6927059985819917,0,0
-1.2803939447145731,1.6092368634136656,0,3
-0.7130680950592722,-0.4730861522867337,0,0
0.6210178535400985,0.30811520035499745,0,1
-2.2501411735745918,0.612745740030647,1,1
0.38636959756630584,-1.4791651534738037,1,3
-0.5816408364095031,-0.5329224853622906,0,1
0.10927969747781388,-0.40541337850388154,0,0
-0.07570152622082311,0.40405218668458265,0,3
0.20211439504395987,-0.5103013236685263,1,0
0.6941719367070082,-1.3973869965214711,0,3
-0.7583697508984092,0.32420681313086436,0,0
1.4209820223119163,-0.6420073589979469,0,1
0.726093788947765,-1.2278961901245296,0,3
0.843732662303268,-1.2253967996028499,0,3
1.1648639811110282,-0.222978327930333,1,3
0.7875882217058694,1.4510570240532057,0,0
0.844078680578592,-0.1745459792519359,1,1
0.07559361074288512,1.0731250840550313,0,1
-1.4267738509897323,-2.2461315539556916,1,0
-0.13504510003701392,-0.8386610587785368,1,0
-0.7695146401767057,-1.2579898372820586,1,0
-1.4227417685154136,-0.27455518629976305,0,1
0.25845279091298756,0.7701948084870397,1,2
-0.5685494541476426,-0.5464668173635193,0,1
-1.0298044380114637,-1.2444916740193264,0,0
-1.0430010800715654,0.9477394167368893,1,4
0.26841707970891465,-0.762132507326712,1,3
0.35867194917034445,0.2725581061760943,0,3
1.3224574697668332,-0.6649972646855242,0,4
-0.013914668524093734,0.5171265219040282,0,4
1.0418397592128221,-0.3835471540343556,0,4
1.4022648267725224,0.7951578238200093,1,0
1.1501656361496921,0.6210044209355469,0,2
-2.3653039062769743,2.221269451841326,1,0
1.228683719203421,-0.08017439813132042,1,3
0.33962000824864264,-0.975331332021813,0,1
0.42377135285334727,-1.1611172573391737,0,1
0.37122741773625884,-0.5973170817558666,1,1
0.3827571602707609,0.3753143098002948,0,3
0.3194142202523809,-0.7138250152972018,0,3
-0.35891330853862047,1.5189675387121508,1,1
-1.9016352983759945,0.20031816555405837,0,0
-0.10891472790742324,-0.9770189551420231,0,4
-0.8037318485206766,-0.4629532501394087,0,2
1.0801634125378852,-0.638380451641062,1,3
-0.2887665059953775,0.1782672576203964,0,0
0.08347535610700986,-1.025373617549543,0,1
-0.8496059556101431,1.2819643127815619,0,4
-0.5106224678981267,-0.35630934843419537,0,0
-0.011533061686586776,-0.2372796816757041,0,4
-1.4853751842635452,0.9231499538512614,0,3
0.3006851142946058,-0.7484719817015946,1,1
-0.10607225344775092,-0.0013711975106770798,0,3
-1.1857198050052338,1.7922137973520376,0,1
-2.3982328653977714,0.41114321261115455,0,3
0.513052133880305,0.29382294317380525,1,1
-0.29758403894333035,-0.47639535182197884,0,2
-0.5300084132181584,-0.9942400497840791,0,1
-0.23615462985294203,1.7488090449713254,0,3
1.816475940881144,-0.1601079387609843,0,0
-0.049800969059643194,1.8979913531949455,0,0
0.08661926298854213,-0.6838947495040769,0,0
-1.487072869675398,1.25495278375858,0,3
1.6473390663560998,-0.20531676816011202,1,4
0.9174879834442943,0.41678176781759174,0,4
1.066934867005179,1.2167086418106712,0,0
0.0476727312116796,0.4415346108795559,0,0
0.9166547888245957,0.8025770184830436,0,3
0.37094683509441023,-1.562929634196308,1,0
0.6131890778590062,-0.4607015277981863,0,4
-0.1521929584082903,2.044688914832303,0,3
-1.473887948041959,-0.2291364135072477,0,3
1.028854347803183,0.31862963034449554,0,3
-1.934959636609707,-0.1630897662267422,1,2
-0.23993667125803605,-0.621578022793142,1,0
-0.20452248839966083,-1.494058864493127,0,1
-1.0428601409845046,-1.141741752889653,0,4
0.6131231363365798,1.6825702767746862,1,3
-0.20032970140956835,-0.07906063687831182,0,0
-0.4368683255972816,-1.188808635501498,0,1
0.5198417309776412,-0.904065404168335,0,0
-0.47657904055841377,0.873428619644433,0,2
1.3889799748383085,-0.9471499350373473,0,0
0.35145507618731386,-0.6253518307495249,0,1
-0.47433298683443925,-1.1166336001868162,1,1
-1.9442649759855442,-1.2591302209752806,1,4
-1.3077531969011476,1.6490612396580309,0,4
1.0868307847683634,-0.14088955884677168,0,2
-0.050604063111342405,-0.3215069181828997,0,1
-0.2831250656795347,-0.6014496268993043,0,1
1.643251614242697,0.7124528851297495,0,1
-1.2826492440738984,0.06147132666942985,0,3
-0.5856577998413593,0.2923415575475737,0,0
-0.47258767675848407,0.1368658507174827,0,4
0.5863372815313004,-0.3573216788467065,0,3
-0.663535198304047,-0.4808884712387653,0,1
-0.6134178486140281,-1.7349021218236254,0,0
-1.6051493968851136,-0.4917782269297502,0,3
0.7293494040178566,2.163557912044675,1,4
0.8061393585150219,-1.2394366198586,1,1
-0.476376747401162,0.004371846845005274,0,1
0.16333994554129863,0.33572542508972514,1,4
-1.2926461227593415,1.1940251154415071,1,2
-0.4718131547409021,2.6582765991147186,0,0
1.377950952722521,-0.39679593213623776,1,3
0.13573073406713437,-0.8771032876958236,1,2
2.310363486795888,1.0601722006090062,1,3
-0.7871927421571577,0.2130089000439987,0,3
0.5802844167243075,2.0063779933758443,0,1
-0.19550582783310236,0.7253370628882799,0,1
0.5658178468280931,-0.6687971256284923,1,1
-0.0072113596587564995,-0.1966351163693193,0,2
-0.5611981104091591,0.42303885599202906,0,2
-0.8676167643217026,0.5006888592557186,0,3
3.0660367390488967,-1.1341153148393792,1,0
-0.07734505972421603,-1.9242065767925598,0,0
-2.016660690233245,-1.6037767770825746,1,1
-0.6486006079033346,0.6171601110198583,0,3
0.6780397271239971,-0.15323826057282977,1,2
-0.5000084331847482,-1.8348414883143904,0,1
1.3604462024852575,-0.5508402481635446,1,1
1.0023982728439578,-1.937015268396194,1,0
-0.1523386358242358,-0.2631785409220735,0,3
-0.47221594277604334,-0.865359608013137,0,1
-1.0048010070276965,-0.5579657998110125,0,1
-0.6999665423133247,-0.0843548773593982,1,0
-1.473143074665625,0.1826299670939823,0,4
1.2043962915330844,0.05955536980801575,0,1
1.5907007871260619,1.2916776681091535,1,4
-1.256138069727733,2.4010283712141547,0,3
-1.1816829756864633,0.8519643807384808,0,2
-1.768511857086917,-0.18963238238317168,0,3
-0.963854230732174,0.751967788119724,0,4
-3.1063368012832915,-0.7272664936794727,1,0
-1.1422789566319196,-0.8258371888805259,1,4
1.2969153998005238,-0.8712445961841371,1,1
-0.345672529464465,0.29235945494967025,0,2
0.8545842348534083,1.2385057812411768,0,3
-0.4889690638420449,2.2241357578819883,0,3
1.760667296993123,1.3242715339005433,1,2
0.19921798301385701,0.6976873666174845,0,0
-0.3820022921434805,-0.6883266959269972,0,4
2.552424025371081,0.07664820930367414,1,0
-0.3244718562854392,0.5434592853240038,0,4
-1.2212233497261362,-0.12225308195867075,0,3
0.2019100019601099,1.8628616770764177,0,4
-0.03883503855807973,-0.8199507435621237,0,1
1.066324553166257,-0.7141378091563078,0,0
-0.9216339244978112,0.38004499001080033,0,1
0.8047169314794976,2.006800446139478,1,2
0.8527484705742913,-1.8127423957421824,0,4
-0.6676872919350705,-0.8460402101590002,0,4
0.16324400572267767,1.2879030120257389,0,0
-0.8307519568543374,-0.6789510067084001,0,4
2.3458080738406677,2.059094787516775,1,3
-0.7041395622801669,-0.821519665336209,1,1
-0.4530744436687142,1.0723260032831456,0,0
-1.0658380219633747,-0.0881774772269717,0,2
-0.3461212751731734,0.4595589410839142,0,0
-0.005876026696904225,-1.035885098068614,0,4
0.7677891353446865,-1.6062075045924402,1,2
-0.6104866460656994,0.7755495672563899,0,2
-0.1857739586715857,-0.5293075936517503,0,4
-1.416489366414042,-0.9186930511351458,0,2
-0.8274022267661552,-1.1052928484980178,0,1
2.755807558275951,-1.0450357612784094,1,0
1.0412431916947957,1.35322666004844,0,0
-0.7814240416773149,-0.9226432797462422,0,0
-1.3373972415282913,-0.5424728450315318,0,4
-0.9755828305996581,1.9666844060902964,0,2
-0.02169085951373511,-0.43231589633277884,0,2
0.034727788359190326,-0.005656370399807211,0,1
-0.7443606009308561,0.367650901979125,0,1
-1.2865744667376442,-0.2959990897344913,0,2
1.4223785052484463,-0.688126637209766,1,1
0.4516854512950959,1.2788848261011159,0,4
-0.3745680195679353,0.31983070185670726,0,4
-0.22066120781608659,-0.6294936046658103,0,0
-0.5295304591256691,-1.3852980989543693,0,1
-2.9360454460171126,-1.1576720636211282,1,3
0.1156618270926259,-1.0245453979197228,0,1
-1.070544409695766,-2.155983998307673,0,0
-1.0026842990328195,1.1739384105717785,0,2
-0.6402624053903738,0.10210069323737325,0,2
0.7323017147112972,0.5366538643131968,0,0
-1.170530808407683,-1.4188743128529928,0,0
-1.434281459674122,-0.48510769788848723,1,4
0.6398520751723783,-0.2400995183691867,0,3
0.7543689046395509,0.07558978023716906,0,0
-0.958933707794222,-0.2062859606721606,0,2
0.5623976772929592,-1.244924361134788,1,2
-0.2916324304147521,1.091849226083234,0,3
0.3012921765535601,0.7102840221653579,0,2
-1.2609602800655342,0.0748600227935365,0,2
0.8328944493608352,1.0322338007800769,0,1
1.203258954116498,1.2081034316073391,1,2
0.6370732356261833,1.3939063985280051,0,3
0.5583399616951433,0.1630253945880196,0,3
-3.772275156122734,-0.31479503742190135,1,0
0.2606297490669398,-0.47981193346945017,0,2
-0.025445316692543535,0.891232983450391,0,0
-0.1470455068463331,-0.7014648964137347,0,2
-0.63057798997102,-0.9135261234129742,0,0
0.0553649749135539,0.5543969116748405,0,2
0.41211740512833367,0.5230041744018744,1,2
-0.263788160540625,0.6365496357941103,0,0
-0.46332413970987085,-0.8492180411726882,0,0
1.2297538109392712,0.3007372030123275,1,0
-1.1053671072691253,0.9152972035144028,0,1
1.0301551978238768,-0.4798314665159535,1,3
0.17681246373052467,-0.268138350656919,0,4
-0.8043056452824273,-0.29795405494902893,1,0
-0.28998189606931385,1.519218380586328,0,3
-0.9199936028121969,0.9008086149068334,0,1
0.6750645184094394,-1.340569867484122,1,2
0.3479017619704715,-1.5207515146132604,1,1
-0.5567961751531812,0.6501107095125116,0,1
-1.102218299054223,-0.2131030928888893,0,0
0.30171609350107054,0.5325724756136989,0,0
0.9573856068419316,0.265695431480977,0,3
-0.11383634938188146,1.009600875821752,0,3
0.41835250088922316,-1.6257150229038166,0,1
-0.37602715054974273,-0.547863005888498,0,4
0.06756920600942723,0.2509940712968074,0,4
-0.2912829113936885,0.2344695325253049,0,1
0.2940421429749802,-0.9481393572928255,0,1
-1.509772513035727,-0.5271589401267635,1,1
0.6441905231896892,-0.5858428169813524,0,4
-0.2299324816033148,0.04467916686870971,0,4
0.3586080676493852,0.7005642507399014,0,1
-0.340310127466209,-0.2754684960534908,1,2
0.3203611893741035,-0.15305405436584762,0,3
-1.0725628041289215,-2.0941775046495352,1,1
1.189154412488462,-1.0611034381686322,1,1
-1.7035445876372979,1.8529800552201692,0,3
-1.0392388147791862,-1.7147076270169497,0,1
0.23566606953963426,1.3643918412508955,0,3
1.462842285184577,-0.29789179084428036,1,4
0.2781263018080308,-1.9632017484975033,1,3
-0.24790845527908614,1.4576845828164524,0,0
-1.4250901432432643,1.2840688927244375,0,2
-0.19127666443013225,-0.5032482223282356,0,0
-0.019877011042093756,0.8672769905671034,0,1
1.690568645339397,-0.35589453608390614,1,4
0.6221252216057821,0.050926273953553126,0,1
-1.5290928749284465,0.16626949981514086,1,3
2.0267790952431928,-0.23101055324751335,1,2
-0.39500987549879313,0.5243726217937454,0,1
-0.8794597147043167,0.3857490054962603,0,4
1.4748226520869099,-0.522884888540871,1,1
-0.049755760296968106,0.29599316049056673,0,2
-0.3674025993780988,-0.5205875283939317,0,4
0.2187859889352313,0.1338186563233002,1,2
0.8448887803757161,-0.4968695992226775,0,4
0.9933362044496503,0.09729067406598103,1,0
-1.3752024000527405,1.600645890178919,0,2
1.9984814702717295,-0.653891423036818,1,1
0.9468615879956256,-1.463127048583687,1,3
-0.37920106201315124,1.5941454634197558,0,2
-0.8186598515214158,0.2924444050733891,0,2
-0.9690124307582063,-0.6506141845415047,0,4
0.12337843757618257,-0.24964993225957666,0,3
-0.6480162941896269,-0.9137510614733989,0,1
-0.7648739652865205,0.9378438440241179,0,1
0.8112544049416356,0.7133390082590778,1,4
0.36456734382632344,0.628572357504275,0,2
-0.3945712584237112,0.22020342771971763,0,4
0.7342475961853729,-2.0500416442335387,1,4
1.3673786263056709,-1.186978395277319,1,4
-1.0944963126296459,0.2844003071664726,0,2
-0.6032918841422477,-2.6549489142052405,0,1
0.9426218402198768,-0.07925561467744384,1,3
0.7189405658150543,-1.0253123674518207,0,3
0.22669885643799229,0.6332937004312891,0,3
1.1624211875584574,-0.19660138043792075,0,2
-1.0882117291190974,1.0589181143190838,0,3
-1.479137833771104,0.3376546694258356,0,4
-0.8665073572768981,0.1137487520243075,1,2
0.12254409553604008,-0.9733395320002872,0,0
-0.7960867750951038,0.627708621535924,0,4
-0.48721815642469163,2.3792826085940852,0,3
-0.9750001191003014,-1.7104444454756493,1,3
-0.6204291445949027,-1.0237343924081865,0,3
-1.0047872189929943,1.6640926832121377,0,4
0.36746620574561295,0.5117912316974469,0,4
0.7948910679832192,-0.29592961942249973,0,4
-0.48044593951821124,0.7819784280239496,1,4
-0.2072657954706782,0.3324921028501261,1,0
-0.5810325725119153,-0.6526219432222937,0,2
0.5312512156361892,-0.6682909117682758,1,1
0.08905603873921995,0.8552752693813764,0,2
1.5941569003382141,0.34330471890103686,1,2
-1.0954720366375337,1.0776824810946586,0,3
0.36250249919104766,0.653780747523891,0,4
0.4439913996466691,-0.613995312396169,0,4
-0.3604401709908981,1.524116162135097,0,1
0.5835341273827435,-0.9231629134606353,1,4
-1.4385226489904384,-0.4532950764405963,0,3
2.118803030729321,-0.7827821607990565,1,4
-1.3420444532864415,-1.4011801724942032,1,2
0.9198072605649881,0.6225936636059706,0,2
-1.121122678939223,-1.0528532269540263,0,4
1.1508830312317526,-0.6842248425372667,0,0
-0.3847740266090023,0.9427729236946994,0,0
0.15842290716221127,0.8652131498071491,0,4
0.05334375570673462,-0.621424213676685,0,4
1.100734095024795,-1.308039436086921,1,4
-0.32154745014292635,-0.10425365019681163,0,4
-2.9671837099839435,-1.5978658876006135,0,0
-0.7600587900644338,-1.0104242084854964,1,0
0.18371232308894828,-0.3877762983309133,0,3
-0.4404682048702619,-0.15813022355079587,0,1
0.7698208513207979,-0.555230211671607,0,1
1.0153269959744686,-0.1453449014409373,1,3
-0.14777180989980965,1.3820403205947949,0,2
-1.4896453943825119,0.6271261618584097,0,1
1.3841651100058967,1.3792262573543461,0,3
1.0830535001068178,0.8960293986512576,0,1
-0.29919113426702376,0.23198166891941727,0,1
2.1082884113927522,-1.2138402744033965,1,1
-0.3488754600926644,-1.3360870818336006,0,3
-1.1371197204183754,-0.020585278533252743,0,0
-0.1558734337510055,-0.4086076145127494,0,4
1.0778337155057705,-0.934543097392856,1,4
-0.9374534425425158,0.4097046129499364,0,3
1.9512250777434486,1.2240791782653768,1,0
-0.8965262145720566,-0.06808748492768933,0,3
0.9544222763812404,0.08583555924103475,0,1
0.544462374203177,-0.5469648680161984,0,1
-0.15405705958282354,-0.6879409075967027,1,2
1.080532978717757,1.9736530368466876,0,2
-1.4997987888681947,-1.2564110186274946,0,1
1.3575717869331891,-0.16122466529554055,1,1
-0.0636840289702414,-0.447140147946397,0,1
-0.5424352498635134,-0.1098916343542594,0,0
0.7491740480400813,1.046333364981819,0,2
1.0598990135992437,0.9937626341813951,1,0
0.7697954306236166,-0.14011199755665674,0,2
1.9995038210449867,1.1234957047210343,1,1
1.0807260760500983,-0.7665471723007578,1,3
1.2835066324204059,0.3556771122041761,0,1
-0.5398639371765148,1.7795120256379733,1,3
0.10652377706202956,-0.5775879393082191,1,1
0.5629825823255228,0.20511740737126294,0,3
-0.017742236703293637,1.4985799350104871,1,0
0.3016352331732358,-0.84247755308646,0,2
0.42610476613456866,0.06432514553995981,0,4
0.8442439176815353,-0.31480037334398414,0,2
-0.10160889077002393,-1.1169430958078392,0,2
-0.34979921539188125,0.4042611097851398,0,1
-0.8283156502165506,-0.8441290590814738,0,0
-0.8917323261422714,1.6557544502378538,0,3
1.172451227346323,0.02066119168242222,1,2
-0.08452148800245243,-0.2101495445534617,0,3
0.7869443810905431,0.04087179768659685,0,0
-1.297363846342752,0.10278738150953645,0,3
-1.9381681078391828,-0.19922422499560347,0,0
-1.0490912309999634,0.057228519375038985,0,3
1.146626967509505,-0.5748115593675965,1,4
1.0680774398324595,-0.4994395008132422,1,2
0.3320386078520851,0.5270435091353776,0,4
-0.8021701501599596,-2.136350317071818,0,1
-0.1308026415658544,-0.7994831987119354,0,1
-0.29776047979893233,0.008555204611196908,0,2
-0.34497334609531666,0.3423804551835766,0,4
-2.506069837315632,-0.3905414878884731,1,4
-0.857926385962197,0.13622404351144152,0,2
-0.19010887568223522,-0.34946469950640746,0,0
1.5164277898120941,-1.8607135660101495,1,2
0.16074305913174441,0.9404708478622344,0,2
1.4008882862628078,0.2679959959052096,0,1
-0.39370690875944603,-0.9573570221186006,1,2
-0.2526885812478079,1.4749749536355898,0,2
-3.899421730054339,0.6774944925694001,1,3
0.463330339207019,-0.625504462787287,1,0
0.5470956613393337,1.106566730510936,0,3
1.763759069559374,0.5390278300174871,0,1
-0.48676121079282914,0.8288747723978629,0,2
0.09415415619704649,-0.6017937530960065,0,1
-0.7055279547210833,-0.5566334870463301,0,1
-1.1762570649202813,-0.8224641507463095,0,2
-0.7131079667369583,-0.5410584750368476,0,1
-0.3449985240857874,-2.313088360923649,0,4
1.3554380286698136,1.0837660722253466,0,2
0.0022116025733781067,-1.1804481912211702,1,1
-0.7905448096678757,0.5697123942905522,0,4
0.14187782824173303,-1.2982193038796803,1,0
0.21757135556003437,0.11680681602122905,0,2
-0.6762320559749608,-1.192351678648375,1,4
1.1432336266295944,-0.019878981274646115,0,4
-1.88834889097665,-1.5996962403746107,1,3
-0.21354462808298652,-0.5919210552713289,0,3
0.6650660656292455,0.6596407423410215,1,1
-1.3384325194768547,0.21389622810382644,1,2
0.3612537486433768,0.1710459037765599,0,1
1.2928930501938052,-0.858435927705804,1,4
0.45367126425696813,-2.196532214328735,1,3
-1.6901599429769263,-0.8930257519640017,1,1
-0.7281950274352488,-0.5109507506301839,1,4
1.2323034025042632,1.479248985800466,0,3
0.2983352450652942,0.5695239047891265,0,1
-0.009858938489975367,0.3164623664486862,0,3
0.4412005947154901,-0.5818633843538561,0,4
0.7210489500058761,-0.7292595537104061,1,3
-0.7084652365979932,0.6406217514932253,0,2
-0.29040008007295537,-0.37205124791793154,0,3
0.14291364966681958,-0.3368944660176009,0,4
-0.5439577217873256,1.917854502270765,0,3
-0.13345155853725454,-0.9818193630752309,1,2
1.2978717611819932,-0.2816057094182628,1,4
-0.9678198646920557,-0.24968995351561535,0,2
1.9266627091351407,-0.6513331141342747,1,4
1.879344377381986,-1.4115665768506735,1,1
-1.7134394379643105,1.2723506872457877,0,4
-0.14102266511302244,-1.4124462925319776,0,0
0.3426915696456793,-0.9076143892044588,1,1
-0.7608710875064288,0.25626522268364793,0,0
-0.7410805036847287,-1.243735703236724,0,4
-0.2374156967345463,-0.15579975166806387,0,4
0.7391780871115503,-0.2565950541534368,0,4
-0.5113338389470944,-0.23675004553591666,0,3
1.8266938116201166,-0.14006672122066824,1,2
0.28997400233853204,-1.4084206888499218,1,2
-0.10257528408332377,-0.5495029951933627,0,2
1.449259685131458,1.2845129108464663,0,2
0.6262811950603524,1.1639435396125162,0,4
0.3692867756875739,-0.5807784805467471,0,0
-0.331140382769525,1.0848958556810813,0,0
1.8139856138927497,-0.9398651931847889,1,4
0.8118215897399867,-1.3639584946563186,0,0
-0.20341133594471233,-2.017263121871943,1,3
-1.5771991506827037,-1.1129982414406125,0,4
0.3729515417619218,0.4598776571958615,0,0
-1.1437400921015901,-0.3255479303097538,1,4
-1.7159459517583207,1.6616341230370295,0,4
-0.2791515054677641,0.8394363830344145,0,1
0.2814711025906223,-0.35421472901487927,0,1
1.2824812336831644,-0.22328055007995948,0,2
0.28245182528524887,-0.21591175839341303,1,0
0.8060195271707506,0.9991059015740208,0,3
-1.2258827052231547,-0.3841898452603447,0,0
-0.022532177467557167,-0.014502134163029569,0,2
0.12421131930450507,-0.73544430047714,0,2
0.8622461846199109,1.2987542469494877,0,0
0.11606067343101731,-0.3491102420110449,0,2
0.804078958119873,-0.6467965901502185,1,2
-0.504199247777134,-1.520140749299332,1,3
0.35795490621315673,0.9662474690071873,0,3
0.4148664012544231,-0.5917024381429339,0,1
-1.249775724586651,-0.07038824203624072,0,3
0.17553862856764266,-0.4104467196860831,0,1
-0.32036252695140677,-0.18651828891054795,0,1
-1.9040879486160345,-1.9825481059932237,1,2
0.9584066801413982,-0.7845791722536392,1,1
-0.3618586803043011,-1.0836114410583664,0,3
-0.8523900581258608,2.178395380203564,0,0
-0.37731674369381457,1.3468659294471637,0,1
0.13820030314832132,0.43807677386913224,0,1
1.50790948434714,2.4867637608552675,1,0
-0.1659332030062026,1.2773223589643958,0,3
0.4724074969585104,-1.3447234231269136,0,3
1.373579376897762,-1.285224712688397,1,1
0.5335505312737927,0.2678649815503149,0,1
1.0685641574187916,-0.06937451825343133,0,0
-0.47650985895095554,0.2114773086449891,0,2
0.7710493264739775,-0.8249311616528106,0,0
-0.057976000069692585,1.845504201881409,0,1
1.0744112374891797,-0.3511134768655856,1,4
-1.0035595719921404,1.1202303480818123,0,2
-0.7795577532427447,1.4593915696617625,0,0
1.2687315727053823,-0.5852353969375876,1,4
-0.19608397256936924,0.576381124950448,0,4
-0.35896064670446953,1.5929784120852513,0,1
0.0775724193502392,1.458245345095199,0,2
-0.6894974573528612,0.7517688775384969,0,3
1.3319413685305603,0.4397053444540582,1,2
-1.249162651675905,0.07885044866315295,0,0
-0.15059799836040494,1.268766910682261,0,4
0.3469527857023623,0.5830606231778971,0,2
-0.10444706906656219,0.12429127262354497,1,4
-0.8022875453678814,-0.472707009514388,1,4
-0.8683891967525209,-1.3526571090709625,0,2
0.4253944258208237,-0.17352368600058976,0,0
-1.030480450166701,1.8644573765994943,0,4
0.6462427057150405,-0.4836120642772331,1,1
-1.524148363645292,-0.6412228200753938,0,3
-0.5549830967166842,-0.24066208384652615,1,3
0.03630602236974604,-0.21286877913474544,0,4
-1.2521519434446158,-0.5591749709035018,1,2
0.6520108635265922,0.6432376166582425,0,3
-0.01853881330950251,0.3257932309843085,0,0
-1.0360736815895426,1.1828708290940044,0,4
-1.5188882297503954,0.601510370503429,0,1
-1.5655893713726405,0.1864843702657361,0,3
0.05103394513032868,-2.103066262422773,1,1
-1.1568301070665343,0.19714732881638275,1,2
-1.364879600732452,-0.6531297625640384,0,4
-0.23122593549221063,1.0777278578870049,0,2
2.277500524853034,0.07343992029364772,1,0
0.2775403612334572,-0.7626178330673743,1,3
0.7629188335006009,-0.5432405840013287,0,2
0.21271834626863834,-1.201487025901355,1,4
0.7829821661085862,-0.5475471302796516,1,0
-1.343088650464953,0.3151868230686771,0,1
-0.43051197019258486,1.1788235671568197,0,1
0.2613508456100389,0.5198559561360954,0,4
-0.017916816054972758,0.8096958119272333,0,2
-0.19199322011209138,0.8911053538743684,1,4
-0.6658760797429369,-0.3236265249187901,0,4
-0.2583831027042033,1.453145863117965,0,4
-0.7741978238913314,-1.3517067796097326,0,2
-2.421833014859781,0.12338243522170016,0,0
-1.1945084417055867,-0.5257552656293943,1,1
0.47565293887443977,-1.9654454393989635,0,4
1.5570779556716277,1.6589946627639058,1,4
1.813580171323687,-1.997691447119375,1,0
0.09675174368870822,0.6893502450652831,0,4
0.8933836234441344,1.79317504337925,0,4
0.9079779107107238,-0.20312341634868408,1,1
-0.6922591838680748,-0.11537165306536243,0,0
-1.6979398304606041,-1.8987831273736695,0,1
0.030887319354812974,-0.24980700045575102,0,0
-1.7622009972405384,1.4509183421589569,0,4
-0.3199296129548269,-0.5221194467667969,1,3
0.6081170867893684,-0.974398970237123,1,1
-1.4200694881000024,-2.3157499599589535,1,2
0.03229538393163682,1.2856785919385918,0,2
1.2400181153090652,0.4117884010391812,1,0
0.36151247402096365,-0.3020195569665504,0,2
0.5223217007496789,1.0427838637350288,0,2
0.906740413816745,-0.5306813746946923,0,2
1.73296307213118,-0.3340185405463367,1,3
0.1514230817231868,2.1240208983329723,0,3
1.2295008614331246,-0.8962656754194701,1,1
-0.06416921633742403,0.2903323756614073,0,2
-0.5461688154334842,0.22352348911487097,0,4
0.3148209696175649,0.09744204097665574,1,3
-0.605812847991671,0.006273750474869294,0,0
-0.5731292157665655,-1.3066607045674223,1,2
-0.6077406304422468,-0.13750091422750071,0,2
-2.2954241955331667,-0.24247096431269594,1,0
0.10549947766059664,-0.668924441817506,0,0
-1.263835358595468,-0.8335399688246282,0,1
-0.1072691206682774,-1.0017222592974344,1,0
1.4499687804848278,-0.8094268827316043,1,3
-0.5210003231072904,0.40909596604202364,0,0
-0.5420091584474772,0.03645624303203102,0,0
1.3639093845017958,1.6554974929900124,0,2
0.5463057654642988,0.6033328906875698,1,2
0.9765270973526429,-0.5950585495962507,0,3
-0.35529123398699336,-0.5391156439763461,0,1
0.7480832128709275,-0.17297181360891345,0,4
-0.6861685891568023,-0.3500211280914799,1,3
-0.676001725621899,0.003694036815516788,0,3
0.5962442782050664,1.9411966403784198,0,1
-0.5983731712727243,-0.1519787251427181,0,3
0.7671185432439538,0.13199698984110328,1,1
2.3916845354292984,-1.1916368261270256,1,2
-1.6861525369472856,-1.5005466081507601,0,3
-0.7522043761212451,-0.13564159852414379,0,2
1.1201461818426741,-0.41728584626078574,0,4
-0.14507816949322366,0.20170421884211706,0,4
1.1610898497925723,1.356988016782274,1,4
-1.0100642731329075,-0.5104644638389552,0,3
0.3313441778079705,-0.6845884007391704,1,1
-0.15055631782284468,0.9784981624319069,1,4
0.14037072287334246,-0.4356794121681341,0,0
0.33111601905536314,0.05751497481475611,0,3
-1.2200063626559563,-0.1056795090211921,0,2
-1.0741374853592944,1.8791848578653119,0,3
1.3992440068954228,-1.6831362108617132,0,2
0.29321371158095555,-0.8209057347610151,0,2
0.10634633295262737,0.6507925992275745,1,0
-0.044074722613553316,1.1600960959262534,0,1
0.3565424987061171,-1.029068521992588,1,0
-1.1559367394054465,1.1788409796929469,0,0
-0.9990273318953995,-0.4710356637779713,0,3
1.304508247206433,-0.7262614001082653,0,2
0.15127522184716322,-0.6301250449638052,0,1
0.8503008736540341,0.3538303680376656,0,1
-0.6056640069212733,0.4846062722598041,0,0
1.3767253803593051,-0.8747795369288794,0,2
0.345278405319519,0.20596382785127584,0,1
0.48124581925008575,-0.3820916026088764,0,0
0.5487293377157805,-1.1927773767024203,0,1
-0.7970092393721301,1.691786349237599,0,4
-1.8657208634000604,-0.9675191513368931,0,1
-1.0748026670851023,0.10254049713497652,0,1
1.6305228573863613,-1.1648636219712387,1,0
1.3006839703204864,-0.43139380801276456,1,2
-0.3469213679779701,0.09087194088742723,0,3
-0.30167632703614505,0.16139549448042473,0,0
1.0366058772358528,-1.0237566040474546,0,3
-0.1684098727535861,-0.1198730739212985,0,4
-1.2992598701307787,0.34994605914371063,0,2
1.265543092596161,1.484177747647721,0,3
0.4771785779139319,0.7981523225223099,0,3
-2.516339715003551,1.072882036288987,0,3
-0.3131901055298775,0.6330242336360267,0,2
0.14367020328433938,-0.6671145944507816,1,0
0.4812468270587883,-0.328367364479426,1,2
0.15215118931163515,0.9065304232535175,1,0
-0.6357417972436246,-0.6874261218805503,0,4
-0.11575904402998716,-1.121349891516031,1,3
0.29480031794360034,-0.04377743262794019,0,1
-0.26800408561401673,-1.8179953635513812,0,3
-0.37190071970620736,-0.7824211849481514,0,1
1.2520839386648168,-1.1395483736886924,1,1
-0.9466076852692522,-0.4124963773371527,0,0
-0.3494634711099121,1.3123419668071425,0,2
-2.03126901304909,2.31918493733579,0,3
0.5409699634514118,0.5930508135014947,0,1
0.8282644598468853,-0.960629313149543,0,0
0.5484868325965845,0.7311006078306432,0,4
0.9176724874612288,0.4204918676353459,1,0
0.4407067447635609,-0.6023681610166443,0,4
0.34251539095341227,0.8810771081991312,0,1
0.4739470669880134,-0.4835637288224788,0,3
-0.26730843195327686,-0.5794446674240172,0,4
1.188327862596402,0.057370911101016414,1,4
-0.3485720650141568,0.6854624289133425,1,2
-1.4623519251551929,-0.36831803280476,0,1
0.8497836136184508,0.35522026378208515,1,1
1.8507027799514817,-1.8294226585963016,1,4
-0.9601511192906311,0.29227895602550197,1,3
-0.1016311295928566,-0.4784403314256968,0,4
-0.6854420107180271,-0.5229201708531345,0,1
-0.3805832501275168,-2.525789747300611,0,2
0.04609297177965803,-1.449202468392037,0,3
-1.2418084527811688,-1.7455461606143554,0,2
-0.2776536712672873,0.6054537809600474,1,3
-1.4659673863823872,-0.9219314475262151,1,4
-0.568227637941478,0.2733193276122486,0,2
-1.1860696539864874,0.6589093176992136,0,2
-1.0590606994601444,-0.5464156563962457,0,1
-1.7199106806581999,-1.0274585765591377,1,4
1.2193545887326338,1.2105101129914542,0,4
0.5090590847395515,0.2619413765333713,0,1
-1.9174640434564942,-1.2326834954976311,0,0
-0.5968275940478756,0.480415232539788,0,0
-0.670438599903074,-0.6638188482734502,0,3
-0.6909441281685968,0.46489186333513605,0,2
-1.4468835125564838,0.8261752626933526,0,0
0.7543857213684552,-0.8169387255259308,1,0
-0.395863785507999,0.4916404165235683,0,4
0.4681489094895136,-3.011450075362948,0,2
0.5267557651664272,0.5471280587458054,1,4
1.375445311670887,-1.960057115274076,1,3
-1.8148722777431434,2.525554845794218,0,2
1.7386021114249555,0.3541624376964873,1,4
1.2688152738912304,-0.6135474771313907,0,2
0.5730659923355066,1.133280234806423,0,1
2.3835922292341163,-0.7844451346214244,1,2
0.20497859792723128,0.11917515003088601,0,3
0.8214789160702182,-0.284906584970332,0,3
-0.7384139812679597,0.001177640656810188,0,4
1.1343574079518282,-0.5595446817469725,1,4
0.16782596972241448,0.4381398003239878,0,4
-0.4512001448560466,-0.7398498245807111,0,0
2.116939198315876,0.11252055884743821,1,4
-0.3047996645408318,0.628493475546382,0,2
0.008861327608517627,-0.5955042620233842,0,1
-0.19727995732612844,0.8356246674808332,0,0
-0.7556709132364813,0.4857233609763586,0,4
0.5312724005304282,-0.2955232858352947,0,4
0.738409603732731,-0.5139954642058103,1,1
0.3543725277387253,-0.04879491308870755,0,1
-2.3605782614449353,-0.45284829404131793,0,0
1.0079970034230852,-0.5138307537288068,1,0
-0.3502383498230938,-0.1326914873493331,0,0
-1.216323411889306,-0.21223803884315595,0,3
0.6032809590509747,0.10677724233113242,0,0
0.5628494203738629,1.4197869860997896,0,4
-1.0430737022813366,0.9117715745587862,0,4
2.472435678832565,0.8495599853376553,1,1
-1.2096265493756504,0.5173160653654066,0,4
-1.7330027043844558,-0.6037885031099061,1,4
-1.1541714262983167,-1.060661504805897,0,2
1.4207998428900637,-0.22756356466468003,1,0
-0.17585672570351582,1.18615848349609,0,4
-0.3720566878481917,1.1991968909309343,0,0
-0.06215772113332739,-1.4580215367737777,1,3
-0.5966139079163051,-1.7741461029330166,0,0
-0.6902634133270706,1.6748602277743765,0,0
-0.6412154938054386,1.425013505932209,0,4
0.7079555234674223,-0.626561806397675,1,2
1.0204558856716575,-0.07721766254887426,1,3
-1.0550925619827771,0.04998884670470353,0,2
0.23922797173839117,1.1031849161072949,0,3
0.7882072412490861,-0.48797635649312726,0,2
-1.0817519495061156,0.5917901516494696,0,3
-0.5025665920171958,0.2737782144923443,0,2
-1.0380641623107913,0.3006312921505879,0,1
-1.2910285430172368,1.0540165718697039,0,1
0.10186286879000153,0.14665875736033007,0,2
-0.7361323713301251,-1.2813218705118012,0,2
0.631129089144547,0.902404681351209,0,2
-0.029421922615303468,-0.4870478663062789,0,4
0.41262735520499433,0.8978117352621887,1,0
-0.29228291261987144,0.26474916059722137,0,3
-0.6349973825890232,-0.9780268280270532,0,1
-0.09067313510678131,0.25505023252135767,0,2
-0.004996130276595701,-0.6350346206198311,1,3
-0.7058554945166199,0.27021694948672864,1,0
0.42659545511016506,-0.40429265410810744,1,0
0.7465948559764687,1.0100505098849304,0,3
0.15808270533092642,-0.7117269482455743,0,3
1.7134908885015603,-0.36763268308073177,1,3
-0.6323390096507158,-0.6998817399445487,0,0
0.5205964182011031,-0.7938981768211026,0,0
-0.40873480052906086,-0.26975328518802894,0,0
0.23462950367525942,0.21420771381394793,0,1
-0.8299493395820846,0.5607223898956822,0,2
1.1151233773647666,0.05103865717653414,1,1
0.17602090575725726,-0.4550816031075432,0,0
1.1922444995731674,-1.5590836380416695,1,3
-1.2660955768237576,0.9421281407345922,0,4
-0.4935152092007745,-0.5076193100640639,0,1
-0.8925658002780713,0.40073259475623646,0,4
-0.531941865291501,-1.0651074617030105,1,1
-0.6926096971858243,1.5142218672979217,0,1
-0.1205409342872928,0.6915553913344398,0,0
-0.017247143727842716,-0.8886527469348778,0,3
-0.04098486469656254,0.34806515565500057,0,3
-0.5555238735118273,1.3427357941209168,0,4
0.1874251778886684,-0.17662088847228702,0,3
0.8756154955309015,-1.7013013670460393,0,2
-0.9022755659889229,0.45681329643684543,0,3
0.000888625001921776,1.8474093048439182,0,0
-0.07407088917588163,-1.5972296272949795,0,0
0.46835463422376244,1.0248266106947637,1,3
-0.06385858477376474,-0.2328555527723943,0,4
-0.015664803595005782,-0.09116747777088853,1,2
-0.9910957822281317,0.19173487964230326,1,1
0.021703839059641333,0.012319205628171633,0,3
-0.9218844892991094,0.8627878073942588,0,2
0.5157042481640784,-1.1645666272568644,0,0
-0.10321893428652158,-0.08603980226964797,0,2
0.03985841761466474,-0.9355854086107028,1,2
-0.8911903670902938,-0.5107120951864066,1,0
0.803757579941689,2.972574292632735,0,1
0.6923139089321741,-0.8459533387673659,1,2
0.8615239290498078,0.44885502536008837,1,2
2.2273860809131754,0.3063224444694511,1,4
-0.05251938229307366,-1.9199511869184505,0,0
1.2034028358078068,-1.147217317530638,1,4
-0.12382780642392177,-1.816210932219823,0,4
0.3940872958402979,-0.15287764243164276,1,4
0.36533742761293553,-1.3146521741518418,1,4
0.2645917633584743,-0.8972527922939801,0,1
0.658256178520381,-1.5351291128129603,0,2
-0.3039363803392461,0.6731945530266346,0,4
0.04093228158147673,0.5968648171204536,0,2
0.5353096473418112,1.4863565019736626,0,2
1.7478539000384907,-0.17587423592591395,1,3
-0.8423566689824117,0.7380884815139209,0,4
-1.8061326203829131,1.1296002737694117,0,2
-0.4840854911476985,2.092040374967931,1,4
0.08992843298078625,-1.2495516359503271,0,1
0.17497709320369015,-0.8103416662304054,1,2
0.09221778578673422,-0.9809568219430949,1,2
1.182790122678783,-1.386628310688693,1,3
0.9760497927838799,0.7144413996742288,0,0
-0.04926790495129596,0.7281333770033717,0,2
-0.46954712275218685,-1.3978138518935639,1,4
-0.34600888138250585,-1.0857245647579987,1,0
-0.35630415298259815,0.31369916179810414,0,0
-0.22559947382813822,-0.4917046991442157,1,2
-1.5726505615429949,0.2290124920510993,0,1
-0.4610407436426228,-0.1690760182173529,1,2
-0.4248800212959662,1.0600164392621683,0,0
-0.18888038569796042,1.1267088563844765,0,3
-0.2543000124201234,-1.8298492844431529,0,0
0.6720071416275368,1.3562849937251804,0,2
-0.5319433559629919,-0.4818120755895089,1,3
-0.4385777014308822,-1.134032470770116,1,3
0.5419387546680404,0.6029065332890343,0,2
-0.23531484674423206,-0.9796984254453097,0,3
0.2164547268456756,-1.2572391168522856,0,4
0.6693356983561061,-0.34497139826697054,0,2
0.4219694947780549,1.361196247658805,0,0
0.25016244798431597,-1.8179132247570622,0,4
-0.19644155767581964,-1.0413232879022336,0,0
0.6818941030932071,-1.6915465572157609,1,4
0.17554994126500043,-1.2047301466364182,1,0
-0.5048527510617483,-0.14856091003083488,0,4
-0.1508091869990102,-1.3197888295247053,0,2
-1.218129377322531,0.31037752006366603,0,2
-0.9615559741469126,0.10581974821721664,0,2
-1.8829080367785338,0.7222048117230965,0,2
-0.6799313816069117,1.9200354347123116,0,4
1.3355454216308837,-0.9884736390729141,1,2
-0.5564888399932533,-0.48093670571879216,0,0
0.7875408171027013,-0.6043046112808279,0,4
-0.0034498542228016903,-0.4521661262575571,1,2
-0.700548823091534,0.40336238314822775,0,0
1.3382795151279085,0.5998376899771444,0,0
0.5822058485731421,-0.505960509460212,1,4
-1.7518005652801107,1.3317037425743923,0,0
1.0414021981866897,-0.27163733647068494,1,3
-1.0747914952232525,-0.11588777892905626,0,4
-0.1779139465826313,-0.8899123073931662,1,3
0.668113421683895,0.6679753355424748,0,4
-0.29985316059917977,0.7457116224752653,0,3
1.1189440556172074,0.002803369407435741,0,1
0.7612637605131622,-2.153009802738899,1,4
-1.5768756104869754,-0.2438513601248428,0,3
-0.4724341564337806,0.5932740598510438,0,3
0.2820737332213647,-0.41728535597151045,0,2
-0.574998681265042,-0.09672805085973521,0,1
-0.21627650618113814,0.5125561931578213,0,4
0.7997849113889519,-1.81939206628149,1,2
0.31678130668345533,0.7947061704225461,0,4
-0.9206190351548597,-1.893698474483244,0,1
0.17460636935363696,0.09553976042427516,0,2
-0.6122696351098722,0.5749597171663189,0,0
-1.2151923592287868,-0.5019481048807021,0,0
-1.1300558500020657,0.4671493010937334,0,0
0.2869555371009184,0.4938599588913577,1,2
-0.02811370599356217,-0.5317320861798304,0,0
0.005431808558425666,-0.42437858845873705,0,4
-1.146209047872416,0.8038925576717754,0,1
-0.18392954998757557,0.30647333211888195,0,0
-1.0371676077490912,0.6004891077667646,0,4
-0.9263938335666286,0.41083615698176723,0,0
-0.165126756790438,-0.569328858711162,0,3
-1.3833904513204967,-1.05696946453229,0,1
0.6692672663671115,-1.021383518530686,1,2
2.486882851272909,-1.335950176070203,1,2
0.45882324909073774,-2.00881373614219,0,3
-1.042903138995506,-0.5900245428919259,0,3
-0.27118551415148473,-0.9008140823932606,1,3
-1.5554379435822379,0.06433315145680416,0,0
-0.37761638129222136,-0.2282835568500504,0,0
0.5073139355693843,0.37314908171292444,0,0
0.5893847661857725,1.125830269812455,0,0
-1.0317427538584325,-0.980930891103818,0,3
0.29914565348662464,-0.25024315898180166,1,3
1.156408025005446,-0.38073603329011385,1,4
1.755091585099097,-0.8735687005905115,1,2
-0.7007948826987104,-1.1930087089371764,0,2
-0.8642000120792834,0.05964869941978189,0,3
0.054415869120395775,0.2635598382876176,0,1
-2.9280901725683814,-0.27727835054438915,1,0
-0.5310340011508854,0.5623565268593742,0,0
-0.27097496931211884,0.31180943695060304,0,2
-0.4593419875378874,1.0116631952729296,0,3
-1.5838732281625223,0.043262599181645885,0,3
-0.24555110772965252,0.15319185916557274,0,4
-0.7766086200556818,1.1207956387882363,0,4
0.7574830584581226,-0.43161573086949906,0,4
-0.9184748174227628,0.46204763521257963,0,3
-0.28234512976124115,0.9953449320253114,0,2
-0.23294792511840304,0.9026613873972709,0,2
0.5675714213245197,0.8318435841868139,0,0
-2.5459046003660784,0.6250778900797063,0,1
-0.34062493579600056,-0.28210926993459684,1,2
0.7596151492736765,0.9844398229225825,0,1
-0.3616882372265676,-0.5028697927790395,1,3
-1.5269369663879415,-0.4201588367582122,0,0
0.3265981725839574,-0.2123310203452093,0,4
0.33668690624350883,0.5420585474967836,0,1
-0.2704893919573284,1.609506870053344,1,1
-1.1597957072917302,1.3212871249585205,0,1
-0.7406751455270828,1.2743907164015174,0,0
-0.3137565089364269,0.6918278249961344,0,1
-0.8755328557582861,0.15559869557708508,0,3
-1.9201783483529482,-0.8674961159980377,1,3
-0.7692867989311631,-0.5831598081293464,0,2
-0.06174393447177569,0.13986129382345042,0,0
-0.5070600672915547,1.7071801575442103,0,1
-0.07557283913840278,0.5786142628133414,0,3
0.08365797896292382,0.3728953192089073,0,0
0.8965755003643204,0.5815973769916348,0,0
2.203824123451556,-1.3402208127144006,1,0
0.7317788401264059,-0.6601788486563873,0,3
-1.4043285465488287,0.5164952674091159,0,1
-2.656944947302302,1.023621929685403,1,0
-0.09446216866931324,-0.5930736896572463,0,1
0.07138843525796344,0.5589791338045053,0,0
-1.161873305834576,-1.8823859012027069,1,4
0.2720321372020745,0.5044417860912749,0,4
-0.7669395878687968,1.4276657887960689,1,2
0.40266973278163704,-0.2000416934024425,0,1
-0.32551817297182867,-0.6150119142208297,1,3
0.39746259072463846,2.6754459196867564,0,4
-1.7431951941054324,0.04964533831611432,0,1
-0.43846687509929955,1.3835610452552984,0,4
-0.1485960064725456,-0.6494459068408787,0,2
-1.4248747250999314,-1.1882952548356058,0,0
1.8823382582267307,-1.5294663354463633,1,0
-0.5407734120955239,0.9960830314379312,0,0
1.389971729008376,-1.6575951455823952,1,3
-0.6643420911200446,-1.995526817691164,0,3
-0.22997115548100328,-0.6133441464907166,0,2
1.1839019117100198,-0.3884783149974409,1,3
0.303826845027793,-0.27536744137430996,0,1
0.19205435028986062,-1.240111169448063,0,2
0.2659434481762174,-0.8072506446914023,0,3
-1.3661578762408668,0.057136995831530174,1,4
-0.3895534736381311,-1.9326925489657754,0,1
-0.9564456538816968,0.0979966796963381,0,1
0.19741365231431526,0.6059405171917763,0,4
-0.5439981304035021,1.373269958160507,0,0
-0.04405912149974852,0.4556941535592351,1,1
-0.07729256326094218,1.1574271587400786,0,2
-0.03637038490501321,0.3012308900064734,0,0
-0.0347471219115299,1.4945105995662622,0,2
-0.6523781063835983,0.12768052704088945,0,4
-1.0540027955565343,2.087351733954716,0,1
-0.6643563093536256,0.5998439005332455,1,2
1.0715383406436483,-0.5572828299398546,1,3
0.3741618064648528,0.1847275079432703,0,0
0.5869553605920156,-1.7416994119891838,1,4
1.3799679163043477,1.2110826986306193,1,4
-1.1794309331731632,-0.27334225655403777,0,1
0.5099524214818214,1.2328236591263195,0,0
-1.0750741052027453,2.209360370190684,0,0
-0.3343325988668879,0.010438345519362818,0,4
0.4842398427706556,0.038255309397892866,1,2
1.614345267136424,-0.15099527052383033,1,4
-0.7821649424751884,0.37308998996560866,0,4
-0.0947962535938427,2.216438936995267,0,3
1.1562368039549173,1.284050581535801,0,1
-1.4898081193653723,0.24143344925457505,0,2
0.36211291470656115,1.0604685237108398,0,2
-0.3082781503978844,-2.0579632532701306,0,2
-0.881694971470056,0.1239219788006589,0,3
0.14663082307360867,-2.829537121217388,1,0
0.594925861846824,1.1243166512598795,1,0
-0.91209976232621,-2.168769941107973,1,3
0.37998978184674126,0.5476518627401669,0,3
0.1733699896200973,-0.902832068383905,0,1
-1.2418133060027143,2.5591226548281623,0,2
1.5534128669401228,-1.2645553679662478,1,1
1.0899026698201453,-0.3288242971541765,1,0
-0.8599267478891178,1.6925970295859736,0,4
-0.586630882730846,0.44367266578228715,1,1
0.7707802337475681,0.20734331055592942,0,3
-0.49544904738287204,-0.22982789299619855,1,3
-1.8397186052226187,0.09453313929961675,1,0
1.048882112400727,-0.749554371059307,1,4
0.008781422965773035,-0.1655823408369813,1,0
1.9070261909649173,-0.043686761284621525,1,1
0.35746712316898616,0.7308994531229568,0,1
0.19099248938301286,0.08123773544773163,0,2
2.8745004813941315,0.8467107210410262,1,1
-0.17186734595143172,-1.4869443938784914,0,1
-0.9518157648768794,1.41068443503777,0,0
0.22919797956924792,0.4577905164048483,0,1
1.135754903021066,1.6395435930693123,0,4
-1.1651201441864287,0.5321765454357598,0,1
-0.9082651093054563,-0.10151258858080281,0,0
0.4497770983764295,0.14116667147142845,0,3
-3.197345391683628,-1.1535163780042714,0,1
-1.0926786579823062,-0.22612961010246574,0,3
0.7954840824420695,0.18633173380661447,1,0
-0.5867399161530961,0.13469396068016204,1,0
-1.6264831326910547,-1.6363709534235298,0,3
1.9255666584293065,0.49080973891268287,1,3
-1.4105351572732683,-1.0033205984711078,0,1
-0.523365546959906,-0.21468097281158052,1,0
-0.3727314992906954,0.8512766946432606,1,2
0.08314439397770138,-0.7063052980696701,0,0
-0.3695052019039484,-0.12511917354415544,0,2
-0.08096507856710995,-0.4401475385361945,0,4
0.05749457907590979,0.5403207333589821,0,1
-0.08667642876642286,-1.1522202183142367,0,1
0.09327384069324166,-1.5511868223239949,0,3
-2.3789256878163596,-2.074257468032301,1,0
0.4410646977675636,2.175956047451429,0,2
-1.4044566979810365,0.6778847166902308,0,1
-2.1666455112290612,1.6182364884988185,0,1
1.3813479064912069,-0.374036746682324,1,3
-1.2855152791991058,1.122518095004468,0,4
0.17986910595420905,-0.4451686263851543,1,4
-0.7725614870648787,-1.2627784984786055,0,0
-0.6784662158704471,0.8469605111846839,0,4
0.4836547685821585,-0.2944486257818544,0,3
-1.0482249591915083,0.25990524102256474,0,4
0.3726742754149822,0.4189440674086477,0,3
0.3806924762430092,0.5914798181657097,0,4
1.164447913936147,-0.21275144394597612,1,3
-0.33621322049705094,-2.309464326331448,1,4
1.0465822533642106,-1.188045937272743,1,4
1.7206947067420648,0.5654944684935982,1,4
1.5866822794204654,1.946915992828142,1,2
0.5860769567913948,-0.03517743508551657,0,1
0.44916607192900415,1.379756499347672,0,3
2.8494549607259407,-2.37669350358787,1,3
2.2321759587975563,1.4900956247882555,1,1
-0.7666172841087739,-1.1355849645250684,0,1
0.9236090362782893,-1.0134884618700573,1,1
0.601959232063568,-0.2997819302312724,0,2
0.07226746149832086,0.2966840865261924,0,2
0.15331229812215103,-1.1977493393883782,0,1
0.4877851124623137,0.9961053033848544,0,0
0.9373584773295993,-1.4421992142526672,0,2
0.2187698616516345,0.13603239438315368,0,4
0.339793714559767,-0.8838160225533429,0,0
1.392140314142641,0.2133873842509252,1,3
0.31772024342736876,-2.0175689885349133,1,4
0.5450224817130815,-0.9793033164638386,1,0
0.9902300965794345,-1.24905589708424,1,1
1.6332624160584217,0.9096789973770604,1,0
1.2270409292003972,-2.239687619823384,1,3
0.37721495282689266,1.730914004678323,0,4
0.20781545397606396,-0.5132521736359497,0,4
-1.2236035778514136,0.18981840273196157,0,0
0.29206254410355154,-2.5475157452899326,1,1
-1.0371697599458227,-0.7969824176258454,0,3
-1.0240394415157577,0.8376202832652309,0,1
0.6505089274690512,1.5003589738753214,1,0
-0.10057718357575464,-0.9909552239467868,1,0
0.4722094960293684,1.1327389545980966,0,1
-0.6269631173779989,0.17500299265769342,1,0
1.201204007476163,0.6419954901669896,0,4
0.14377218005623457,-0.2124983330349233,0,1
1.1877283270336183,1.5149803705019858,1,0
0.6734404901818256,-1.707559964644277,0,1
0.16524903859866213,0.6424188789626476,0,3
-0.47852741111072156,1.5376755197692331,0,0
0.03150757764886403,0.7691371023243577,0,3
0.8280104854866206,-0.28665124533026,1,3
0.6976577341539597,0.5175447956383256,0,3
-1.1955846525037421,0.26141252516203256,1,0
1.0256820527459456,-0.2753310614637201,1,1
-0.2139079414751082,1.0696281386735234,0,0
0.8152637210038772,1.3427902285178765,0,4
-0.6974882614105615,-1.3606872918929576,1,0
0.6378552876565751,1.8584614604674685,0,0
-0.7965918828262021,0.05174122041413462,0,3
0.12935683165923514,-0.17073095626927703,0,2
-0.2980298067196495,0.9264294977175774,0,3
-0.2855725668594085,-0.7672009029446151,0,0
-0.5665872435909065,0.4681774642987094,0,0
-0.15357909625050895,-0.32746724421918144,0,4
-1.7406346901674916,-0.034936354045610386,1,2
0.8765996934014191,0.38742218372924875,0,0
0.9616865870883877,0.021143186922731386,1,1
-0.4427738728469823,-0.3281953579409903,0,2
-1.3797546259079334,1.2051804232145304,0,2
-0.6467092698202764,0.5736833831618241,0,1
0.9476143296978757,0.49927450966537507,1,0
0.6255207733817739,0.8849440934745273,0,3
-0.30035356091877463,-2.0893120439561774,1,2
0.8972747801405839,0.909275164471984,0,3
-1.0414807563325195,2.306982593787394,0,4
-0.6126363310909915,-1.0342841419975166,0,0
0.47460724668348964,2.518067863155976,0,3
-0.09591332970445857,-1.7900736104604162,0,1
-0.5892256991552035,-0.6974592361021965,0,2
-2.5121277305114025,0.6742957080790709,1,4
0.6712163346120159,-0.5977330657470465,1,4
0.3237218133973122,-0.8900769055912776,0,2
-1.7429223285514202,0.15304376370158032,0,2
0.6003256861085275,0.43728047969386824,0,2
-0.014363758758586748,0.8744355789514268,0,2
0.27883477737431556,-0.27215212318189563,0,2
0.9451932065760001,-2.028613317683618,0,2
-0.7398868049493273,0.5726034653398553,0,0
0.7135642142391335,1.2954278036825653,1,0
0.6838541519834499,-0.46125897304122543,0,2
0.7615157392601775,0.7867320840655172,0,0
1.635955778306173,-1.3632272214342096,1,2
0.6587348427546967,-0.7223717915151738,0,2
-0.5615577103391871,-1.1864298772188848,0,3
1.798384420138548,0.0960411123691642,1,1
-1.1073125456047812,-1.1714908267239672,1,2
-0.4627235943580139,1.656275759911186,0,4
-0.964469711004393,0.5123995114257037,0,2
-0.1027607995418483,0.0435892631828102,0,4
1.0822192832103554,0.7158184324459662,1,0
1.297785956840585,1.27747109256158,0,1
0.46351741580390327,0.38875644145321103,0,0
-0.6093910635812475,-0.8365565852243696,0,4
-0.5536205981505344,0.08729226679051433,0,0
-0.6031961366575651,-0.4363323759763857,0,4
0.9528406823236886,0.5385576155507746,0,2
-0.9065393256103157,-0.38710563775972506,0,0
0.8645262754121827,0.07086204195126235,1,4
-0.03259407162425542,1.050130628923933,0,0
0.1720510724519307,-0.7986120053137304,0,1
1.5117183839006723,-0.14768432923554223,1,3
-0.4753340140573231,-0.23338781122102673,0,0
1.661728596147394,-0.6095425300373166,1,2
-1.4094526593736707,2.5588866434508453,0,3
-0.824763693936503,1.1693778929448715,0,3
-1.5783914031016368,-0.6587122896523435,1,4
-0.7467818840498868,-0.6421872887705827,1,0
0.5828820972117233,0.3413479534265509,1,3
0.7377290649636312,1.2665075317988943,0,2
0.3067753034739905,-0.10245389838734421,0,4
0.26709196166534926,0.8524997077635643,0,2
-1.1733269767074714,-1.7470818653679507,1,3
-1.3268318329262696,0.40435975000599045,0,2
0.30389000748699874,1.3253230505301357,0,4
1.3478069773059966,0.16236948488296493,0,4
-0.3641347603647214,-0.6354460697725838,0,0
-1.268559616590313,1.1112524465092426,0,4
-1.533280477749828,-0.9833875285453708,0,1
-0.6806517146139357,-0.28219184436951716,0,0
1.5795438221690692,0.6140100586646065,1,3
-0.20773953753241156,-0.9079001708868434,0,4
-1.037943374056448,2.6512020022688527,0,0
-0.6094708441644298,-0.18952682360224268,0,2
-0.4835449713031524,-2.0124277486129234,1,1
0.2656134152217038,1.1040219821836876,0,1
-0.6600164535755245,0.3624182010806754,1,1
-0.88993957467117,-0.03672898371564723,0,0
-0.18801698454297686,0.4928246936279848,0,3
0.46867032459622227,0.6431989961493545,0,2
0.71704376792885,-0.10112297043334574,1,2
0.550532016267197,0.6946908936141938,0,3
-0.4574969296706332,0.39806461327049614,0,0
-1.6950770180267947,0.9607582392164066,0,1
-0.7985161428769869,-0.4757497694846361,1,2
0.2840813932760513,-0.3771729433903821,0,4
-1.3336352855099138,0.6362764606962646,0,1
0.2526192229828111,0.7091919609415624,0,4
-0.5899759491773432,-0.015835361567764314,0,4
-0.5821639535030836,0.10388557380115612,0,1
1.119507008022189,0.961361427030175,0,3
0.21873262987857625,-0.8443715560323588,0,0
1.3702561728264784,-1.1941224273951405,1,2
-0.9392529879627134,0.8011514469317228,0,2
1.1307411921308461,0.39230265224991523,0,1
0.9090804102421112,-0.6982478146812553,0,4
-2.9950027798647287,-0.2806826069679995,1,0
-0.0882707117695446,-0.7545402579185571,1,2
1.5422244089235955,-0.5176731779931971,1,2
0.7780573811679959,1.3266378390207907,0,3
-0.44132115656795384,0.053813260276166126,0,1
-0.2327903906718245,-1.1088162007272828,0,2
-1.3030487812371978,0.5273524140699142,1,2
0.20629249006022807,0.5298622960191551,0,0
-1.7931720812254517,-0.05978020947413174,0,2
-1.0153067439861525,-0.06735410721519924,0,4
1.1191643604654822,0.5056985109911092,1,2
-0.02056504387532332,0.7712153735728257,1,0
-0.3634260488797557,-0.09662131043962179,0,3
-0.10591112305144375,-0.5639850498654044,0,2
2.741894012487202,-0.22715485563516793,1,1
1.0351879907581838,0.9805928810746875,1,4
-0.7756413745956193,0.7737780373907097,0,2
1.6667497504903537,-0.42068516552334023,1,0
-0.08879493790855504,2.841157793749039,0,0
0.7397169333609636,2.5112777845677976,0,2
-0.5866304527666428,-1.052226301226976,0,1
-0.9378559883180094,1.0299355316503702,0,4
0.8019126612557663,-0.9962746702150209,1,1
-0.7688867493664763,0.04416480094424114,0,1
-0.7813181154981489,1.5538139344030575,0,0
0.8978342991592051,0.7740340465900362,0,1
-1.162069029694606,-1.19376937645547,0,1
-1.4192520017477464,0.5178680902760391,0,0
0.5450543963499954,-2.45294065134355,0,2
-1.959881624692813,-1.5861342786661063,0,4
-0.7517256566679622,0.035277524914237905,0,3
-0.3656461120005291,-0.8256391838263462,0,3
-1.3453069899370451,1.577340197855133,0,3
-1.1173905214054018,0.13349677561532092,0,1
0.6658729284349504,1.2775924939221486,0,0
0.2924530661220612,0.11758097572993491,0,4
-0.9457114683003488,0.1694987979182751,0,1
0.5294855660350913,0.17283233555022567,1,3
1.519278441010666,1.9665170406579338,0,1
-1.28241780993394,1.6176001555690274,0,2
0.061255794842068084,-1.1186231262586175,0,4
1.97665134753273,-0.25987046345502507,1,4
0.611159889048419,1.6860198298589635,0,2
0.8133851241006896,-1.5058937870372742,1,1
-0.2001526705001544,1.8389756240215607,0,1
-0.7979637561376178,0.6344495178266768,0,0
1.1433716948773616,-1.020595472851332,1,3
0.6537249441620315,-2.2218791473272623,1,2
-0.05152318523520336,0.059969957850666646,0,1
-0.46533572482333047,1.7431515416937362,0,2
-1.7477252284191138,0.23449978567046992,0,3
0.15590622911900587,0.5542717621567647,1,4
-0.6917127645637496,0.48678519360460254,0,1
-0.13185426838104947,-0.24571939646416646,0,4
0.6709753842534179,0.39721362689569434,1,0
0.8200027057036074,-0.6277432777150306,1,0
0.7190009690459168,-0.5732114693743733,0,4
2.255064332205275,-0.9237324251657613,1,3
1.1651185291801494,-0.37397926304949225,1,4
-0.7460781757727031,-0.3745975000338426,0,1
-0.8183019235473779,0.18665030392361925,1,0
2.328150724588983,-0.34557226612126063,1,2
-0.6633261582929174,-1.6574176312572906,0,0
-0.04413534253316379,-1.1055036971191055,0,2
1.7448590877563592,-0.2679877719383789,1,0
1.7153158744955939,0.529139661320874,0,0
-0.0546320291626752,-0.2894890564808601,1,3
0.2419430815388782,0.39077696782593624,0,2
-1.6351093020806682,-1.5386224090074812,0,3
-0.9083487005220875,1.1892838509959722,0,3
-0.3652591301096782,-0.46125337933253435,0,1
-0.005660169488668078,-0.805880707837097,0,4
-0.3233204760570791,0.03875673187159867,0,3
0.15229398157573193,0.4507147981947749,0,4
2.192701513895415,-0.22600699357843204,1,4
0.46434086089902904,0.6600403363976447,1,0
0.30870718775477546,-1.7660976616919617,1,0
0.001826355891416653,-0.10006154947690524,0,4
-0.17190760499977303,0.8610306233845163,0,2
1.2329446002097502,0.47955920323095513,0,1
-0.9912614307154949,-0.28362421572976154,0,4
-0.12557952506605788,0.32546341796146805,0,0
-1.0957772310844156,1.756724086480893,0,3
0.08712970192339368,-1.129331527816269,0,2
0.11905032223362909,0.2619612582756026,0,2
0.9205065081130677,0.1262047763366081,1,3
1.197661620816487,0.6980137625618634,0,1
0.6630643333001591,-1.141203911611333,0,0
1.6222592870903558,1.6017996539913888,0,0
1.5885032679728093,0.8716082453402966,1,2
0.3153586880551328,2.318837138853544,1,4
0.3733468626253329,0.08063448517360405,0,4
-1.9362816917018002,-0.6019132953386296,0,2
0.3202432047275546,-1.7968292919754492,1,3
-0.005091553877844317,-0.4720419850406675,0,3
-1.6884952118834913,-1.2689167679318696,0,0
-0.43138603184179836,-2.0111793281825863,0,2
0.9574239667720826,-0.8661676720242644,0,2
-1.2387743263168363,-0.26160933924521274,0,1
1.2929511646847092,-0.16691277060617613,1,4
0.47479931873797876,2.5848587573324044,0,1
-0.22838809024354395,1.55928819547938,0,4
-0.14232728717871945,0.19608628496066782,0,1
0.8299271042495487,0.720573906698157,1,3
-1.4313942795106365,-0.37696802835704085,0,3
2.040761939896942,-0.41373377181993104,1,1
-0.8134195295344778,0.498522457406295,0,0
-0.7652832419470891,-0.11135366006178223,0,1
1.2207681971892839,1.601130785356643,0,4
0.790052335011729,0.7523313337326158,0,3
1.3253916956498109,-1.0348345867499964,1,2
1.0459810738644797,-1.4902178475939212,0,0
0.37639592879811495,0.15912024051638798,0,4
-1.276384146623089,1.2043778879770297,0,1
-0.47283991003866904,-1.04547645662952,1,0
0.19843936462172615,-0.9293965033734308,0,3
-0.017182570460341117,2.4026457687284952,0,0
-2.052782820682623,0.030077182358084577,0,4
1.0444053593549885,-0.33135887909695877,0,2
1.7311424619714604,2.488480471759748,1,1
1.4640951986919595,-0.29373060405497614,0,1
-1.0178596264768776,-1.128936354489835,0,0
0.43596677973854364,0.08372292029940466,0,2
-2.126498084584922,-1.2486054077738182,0,0
1.690018141983042,-1.585091728773782,1,1
-1.9398769097788113,0.9653592453758061,0,3
0.41050876324720337,-0.5569528267941042,0,0
1.1625796886231055,0.4910819576415447,1,1
1.2913217309307357,-1.1073464116196523,1,1
0.34397051471290857,-0.24024820641827002,0,4
-1.4256500491067416,-1.2294283557000831,0,4
-0.10117579304428566,-0.9434616378734539,1,1
-0.26831847418494864,1.7514366188547703,0,4
0.36835915904694766,0.7505003612849412,0,3
0.9877459840157494,0.682450780774036,1,4
0.6620408823082948,-0.02057593271009659,0,4
2.121616557669537,-0.3470734989165953,1,3
0.6610508551222171,-0.02587903451432053,0,4
-0.3888175083058831,-0.4298755142945709,0,4
1.6299795521601819,0.5161679139691103,1,3
-0.31452806494466234,-0.09330515131268845,0,3
0.2818635109543874,0.19833923495534764,1,3
0.1807779263636032,2.6774341237834514,0,3
-2.2932313583102384,-0.002208076052777415,0,1
0.2768199534242827,-1.0870743285634272,0,0
0.28943995350059304,1.5941716285392955,0,2
-0.20970505497238165,-1.0305115219716976,0,0
-0.14128697525919692,-1.0347419218187135,0,3
-1.2844034935218471,1.8125751855630061,0,1
0.08246330883800362,0.4469932254006761,0,1
1.5029254864018617,-1.0085103602668206,1,1
-0.17726956801098367,0.10123734406138178,0,3
-0.5221257514855702,1.4180197800829748,0,2
-0.6077288948101016,-0.9041032710311767,1,0
2.0170879081873316,0.21664289471393713,1,1
-1.3552434888770633,2.445167175415374,0,3
0.8449497673368574,-0.12580197335180998,0,3
0.11141180514668009,-1.6670705412107183,0,0
1.9208964234569852,-0.3782402206450462,1,2
1.3112654208840355,-0.2782648073738683,1,0
-0.08831802596201337,-0.5183850456744998,0,0
-1.5414686375761777,1.753403265098641,0,3
1.429639843271909,0.21292602142211473,1,1
1.4580436676443578,0.04228509220379356,1,2
-1.1049019945184597,0.561784759684246,0,1
0.7452334972051312,0.16035546399393952,1,1
-0.8007665488593981,-1.9262216776702,0,1
-0.7761903063646081,0.6814564299746181,0,2
-1.6093134194360432,0.5536638512082511,0,4
0.9329052274993123,0.3949480855157763,1,0
0.2711284260993098,0.7401092227972748,0,4
0.4944997307083231,1.1210097302308488,1,3
1.4524749367267566,1.3931429698157909,1,4
0.6686246365934847,-1.5964623427471334,1,0
0.584562756836139,-0.7556639368008926,0,4
0.7492738790666627,-1.01668684602243,0,3
-1.0645718442053753,-0.4549783330436234,0,3
-0.03446513461569266,0.3685698838248889,0,3
-1.2062615546462505,-1.7854403745850835,0,0
-0.8999131106081608,0.6690029042706485,0,4
-0.09181650149401265,-1.5141591783951793,1,2
1.0618876181746875,-0.9935863279825818,0,2
2.0582140138989584,-1.2197685257742816,1,0
-1.0851931628925275,-0.49316226440061406,1,4
0.17333041635848268,0.32113151993581757,0,3
-0.07091043620613886,-2.0576004084556314,0,0
0.5272356224228922,1.5614520492174297,1,1
0.5824098823089675,-0.9652790722614041,0,0
0.3624211642959292,2.1638510328635854,0,3
-0.9671765424474777,-1.5390059758401229,1,0
0.39467542295282765,0.8636508645439894,1,0
0.8923267130777718,0.5695394845445648,1,1
-0.5133908324465025,-0.2329803880755124,0,1
1.9781649235905385,-1.4318752041798992,1,3
-0.2349131819469042,-0.4682797390012056,0,4
-0.6338601977945909,1.289609821372645,0,3
0.29637903840793156,0.8581569804343313,1,3
-0.257589484139596,0.8602201684545382,0,1
-1.367172814105484,1.4923180249013799,0,1
-0.026156786522968385,0.48670098146748214,0,4
1.5957024408984055,-0.06186381528363371,1,0
2.002532317439836,0.8729191440502043,0,2
-0.5670414604907228,0.6973655769067179,0,4
0.9052746036418157,1.3777174976857975,0,0
0.13252945485308149,0.47768058340333885,0,1
0.2838866296523059,0.6114093041245112,0,3
1.2673712132137398,1.012374832032778,1,3
0.8520715282890425,0.00026772437999554485,1,1
0.15432041576149166,-1.0842912688210582,0,3
-0.9287442856855666,-0.034965741571866125,0,0
-1.1239808415658519,0.09945357503779942,0,4
-0.06401811044731388,1.1276657514403863,0,4
0.3236133274668825,0.6532010045278908,0,3
0.5031718922590753,-0.5004121213507418,1,3
0.7819693533756539,0.2312579455358376,1,0
0.9795851287980926,-0.2981457046162906,0,1
-2.4030766967545714,-0.4938485854578441,1,2
0.9034403330296308,0.8142445360771996,0,0
-1.0474477765805246,-1.0445211667681,0,2
1.114068574756973,1.0638708077079664,0,3
0.3366443279422986,-0.34292076641372754,0,0
0.6305598177870343,0.43217004254422636,1,4
-0.5409257482040764,-0.39988190713978894,0,4
0.28265132136603827,-0.6623055219453661,0,4
-1.8672125793902983,-0.6299631111269391,1,0
1.0952466167045747,0.8451586803539769,1,2
-0.33083873864081675,-1.6976885065019591,0,4
-2.5890802948302896,0.11778833211557162,0,1
1.0614835536592246,-0.6435804296071216,1,4
1.676773726652387,-0.5069674837987819,1,2
-0.8761295164040104,1.8233698923898785,0,2
1.2127098857927494,-0.7010577010026303,1,2
-0.7497554511123924,-0.7371333964513217,0,2
-2.2665206299327094,-1.546774122240504,1,4
-0.35789247427932736,-1.8701546362200439,1,4
0.32613645199293473,-0.2414092286569966,0,0
0.13355112937780175,-0.6853937018416993,1,4
0.10359794949464109,0.6908938021130503,0,0
0.29642285776231825,0.20255155163003535,0,3
0.21655566362289025,-0.9101761955244818,1,0
-0.21603830345786162,1.4684897511929764,0,4
-0.6013813731533054,1.099494751985419,0,0
-0.2658008475467199,0.019002539626430587,1,4
-0.3516725661580284,0.783586144673723,0,2
-0.3029226234349036,1.712908363687187,0,3
-1.1029534312854563,0.39364236029220434,0,1
-0.5425943845171727,-0.5470528130996539,1,1
0.08222618878511484,0.11719444186721333,0,3
0.30941891043639275,0.17370064040552524,0,3
-0.06402894751868315,0.27757288836607497,1,0
-0.18365991423533276,1.1458308448328385,0,2
0.5344498735721634,0.31767868347720385,1,1
0.8144686606150432,-1.6520644741980506,1,0
0.6800798787004845,-0.8005175285920186,0,0
-1.7499090854288946,-1.0665274710294206,0,3
-0.4554050912543668,0.3545172566429221,0,4
0.7056545870353251,-0.26862283806228615,1,1
0.515397323677071,0.3526765818233672,0,0
0.6798106013047429,-0.49436675550447734,1,3
0.314351508019426,-0.7283456788753966,1,4
-0.8535368023114268,1.017322611233772,0,1
1.2225645323408076,0.40300205153882246,1,1
-1.3595888742132702,-0.23933931548678075,0,3
0.9857577924237387,-1.6629122110501864,1,1
-0.01637513124059962,-1.286588910003021,1,2
-1.4726542242866636,-1.1843740302898227,0,3
-0.39615880055363,-0.06118793832906891,0,2
1.203751746517066,-0.9586064663361836,1,0
-0.5884016698305081,1.0700356275748841,0,3
-1.2106023968143265,0.7424188269086631,0,1
-0.28879028375880467,-0.1649367060064706,0,4
-0.8180749585415559,-0.851745812111334,0,1
-1.2505999792285922,-0.5026103180014341,0,0
0.43753775222697083,0.29107321442975337,0,1
0.7981723075978052,0.0210380823776658,1,2
-0.5517314171911221,-0.21232244933899982,0,1
0.5236229236448857,1.1729234969528322,0,4
-0.3870270149195225,-0.34960247700344876,0,2
-0.09971412915682,-0.1380482794049329,0,3
0.1234024109925685,0.5539615706906847,1,2
1.4932835413920167,0.27078537296001903,0,1
0.507558865172029,1.0808259321988867,1,4
-0.9991131085398876,-0.49232164810067647,0,4
0.5158292357499967,-0.7786974694305476,1,3
-0.22118827023673274,0.6578637215609583,0,4
-0.46636040890761027,0.12747777529584015,0,1
-0.8397613575199904,0.7919184461252031,0,1
-0.02626026255642295,0.7217662560270699,0,1
-0.06013243528668315,0.7070121170351941,0,1
-0.40218236454447936,-0.9750795515518792,0,3
-1.3911473440982642,-0.09677450778523389,1,2
-1.7071722930695223,-0.5395531409926168,0,3
0.1279844920146543,-0.46696592464714437,0,3
0.178204753456251,0.12333992418363672,1,2
2.18312868735204,1.515902293995488,1,2
-0.17866300936309754,2.0885036098730425,0,2
1.021424079171613,-0.8228571384518001,1,4
1.1952037223192256,-0.04076764556307289,0,4
-0.06106675539124377,-0.8049311200559992,0,4
0.07680100343757663,-0.7797987922900536,0,3
-0.4298437372777596,-0.2703182652562617,0,0
1.7751592107843002,-1.6217403302891407,1,4
-1.5084321712555864,0.35953085666022006,0,1
-0.03964614863770247,-1.1275786741460947,0,0
1.3841229941036504,-0.17489590723468895,0,4
-0.1076800633335738,-0.7984626718106753,0,1
-0.5709374997786347,0.6794750773530515,0,3
0.23288263694520128,0.8002652412823479,0,3
0.5269880126825652,0.6045387157565826,0,4
0.5674430736864792,-0.060209202871725036,0,4
0.2816433149354566,-1.6095309216340714,1,2
0.7500911196977396,-1.0597480078775687,0,1
0.9457010559986685,0.4422833576730133,0,2
-1.1068829123791546,-0.610004574065282,0,3
-0.37889182524765047,-0.32083435244196806,0,4
0.8696913262453613,0.5140710646446498,0,2
0.48862002448055963,2.1128916344832525,0,3
0.23460010834834738,-0.7454513422747754,0,2
0.6724788921182383,0.4316109047638508,0,3
0.9521537347008596,-0.5710369316537269,0,1
-0.8580470590667832,-1.126197493087839,1,1
-1.226944412143775,-0.34479997424878694,1,4
-1.1536814606847743,-0.25295184429935597,0,4
1.858674129136191,-0.43596572967082836,1,2
-1.0544325732479414,0.5085019284623388,0,3
-0.23458712254500633,-0.2896419650158041,0,1
-0.18547829908481703,-2.0623174479464574,1,2
1.0310601652090412,0.5274637344590744,0,4
-1.7383210989009736,0.4806465458493219,0,2
-0.03926821095340596,-1.435334844821135,0,2
1.2143883468486907,-0.6762406441214973,1,1
1.1148997621906016,-0.48220136233650307,1,4
0.4093119944364986,0.6777548807489477,0,2
-0.2609390873799359,-0.2507944819380402,0,2
1.7576834466350173,0.9506239109770058,1,4
-1.6719471765190104,-0.7576625339722317,1,2
0.9809852752118499,0.852140894818557,0,3
0.5081778886458632,0.0016493361739755286,0,1
0.5910366844076768,-0.371170967331473,0,2
0.26580883024114654,0.8332513564739661,0,1
0.2051801474470013,0.7960680689479709,0,3
0.9307879958022176,0.5753457873268919,1,0
-1.1530447886506225,-0.128338353391512,0,2
-1.2465519455451306,1.046601757383353,1,2
0.16245323534382217,1.19373469479458,0,2
0.05215079168224529,-0.31110981123011733,0,3
0.1636601623397074,0.10751067594347956,1,1
1.5904329835051998,-1.516275864318276,1,0
-0.5793093535596417,-0.6817746437370404,1,3
0.7513187611407651,0.9735815888387525,1,4
0.3844477037401778,-0.9554385776107818,0,3
2.366562402340485,0.333990570728059,1,4
-1.4021866514989232,-0.03813018414842416,0,3
-0.5460071183317489,1.6435768388677647,0,1
-0.4567900340328422,0.13940858161290554,0,2
1.3206028966041345,-1.877124320647736,1,1
-0.8199185708358816,-0.42266268901464443,1,2
1.6579429995163342,0.4223420555159686,1,1
1.5981083131346876,0.6074503258568364,1,4
0.865612650893936,0.46436038556072073,1,1
0.43737604022698706,1.270401012737655,1,4
-1.5561781889366058,0.2526693587601337,0,0
0.18214950687834208,-1.8937297827055335,0,0
-1.4306716587383608,-0.6395740957523889,1,1
-0.3626263896115068,0.21136825223866879,0,2
0.20310073329636347,-0.6842079243385594,0,3
-0.30887137896919903,0.34797713220660176,0,3
0.9508056222091082,0.2837067580792133,0,4
-0.1291761471296547,1.6126662502710187,1,2
-1.5485822202711759,-0.7055774902055427,1,1
-1.060057226030689,-1.2020227627211886,0,2
-1.2739083901165977,-1.254703600159896,0,2
-0.3164303777659374,-0.47579459117225187,0,0
1.247584857019788,0.5003618824343374,0,0
0.5057460481466131,-0.1565032198102125,0,3
0.33950947157970146,-0.6892815337027837,0,2
-1.2853813931526517,-1.1084615118343277,0,4
2.3691638529901975,-0.2352610234958714,1,4
-0.028263162188416974,0.6200119046174865,1,2
2.416912669832169,1.1153177306963604,1,0
-0.8674214463025013,1.2485357836511943,0,1
-0.5678464805360192,0.710303668529703,0,1
2.5996614902670028,0.30403466156092546,1,4
-1.074993979255739,-0.6237071122674999,0,1
0.4187058206918793,0.31114125348987015,0,4
-0.338205274478062,1.483770493789426,0,0
-0.8134123396910091,0.10802098770050343,0,2
2.1610795966179577,0.7453427939728884,1,4
-1.0041310508106343,0.002448888638888113,0,1
0.8974350015972649,0.4736233007647184,1,3
1.1043125974838122,-0.9259839068112518,1,1
-1.0118014554754755,-1.2807781049631952,0,4
-1.8972252908543603,-0.9833967930506964,1,1
-1.780639897263705,-1.947731384064626,0,0
-0.7995834678077132,0.8598280574782309,0,3
0.2226646687525109,2.3836315957076137,0,4
0.3354421305038132,-0.20869995822573725,0,3
-0.18904657416632772,-0.7939435914714358,0,2
-0.10530658465079472,0.35573188128465305,0,4
0.9740473583799217,1.5945703485694784,0,4
0.7681529784031764,0.09048572691043155,0,2
0.3787542251416788,1.2841847413845697,0,3
-0.6169671181068717,-0.009525576455509391,0,2
0.7775727789499777,0.23275892823407004,0,4
0.18120967742165658,-1.516355483157991,1,4
-0.7478351472109102,0.34967777870957645,0,0
-0.5768958770453613,-0.9303757672246648,0,1
1.2286477584372086,-1.047422032134662,1,3
1.845381962583357,-1.5666459708192788,1,0
-0.5297267324304714,0.6007325702451936,0,1
-2.0780681543322053,2.2853345894283197,0,1
0.5874637169933624,-0.7208272441660988,0,0
-0.9032628262035356,-0.26960439392954466,0,0
0.7324981608261747,-0.36060262349669925,1,2
-0.37595727770164,0.44112646102391934,0,3
2.2295984798227364,0.9834678581747583,1,3
0.1122445053407973,-0.03670772506922313,0,2
0.9028507011135929,-0.40017731600642675,0,1
-1.2150537312839182,-1.7973649955675688,1,2
-2.8192914384307715,0.6327317884736099,1,3
0.13533111840241674,0.07925159764383892,0,4
0.26196309010184793,-1.8077517599656554,0,0
0.7202996356088945,-1.1740556500307964,0,2
-0.5538114536548805,-0.9861810738916222,1,3
-1.291838504643794,-0.4459476069793834,0,0
-1.6004953758484026,-0.8975700926025482,0,4
0.5531409147046624,0.777638347204499,0,4
0.7102909260938124,-0.9512604582948685,1,4
-0.8757583283962643,-0.5051419631912648,1,0
-0.5280346202841556,-1.0465410974085534,0,0
-0.7281854422482575,0.6908480614236302,0,0
-1.89520748288077,-0.43105257545580605,0,0
0.19911560871651457,0.005318649791206699,0,4
0.8460161166141956,0.5526530680538775,0,3
-0.22334971073154378,-0.01027102776789443,0,0
-1.4224723046506123,-0.14186956962092723,0,1
-0.19832188345023347,0.7520818757861596,0,0
1.3644226906234311,0.37465429444307086,0,2
2.1299060617328665,0.11586938504142184,1,1
0.2690971392612661,-0.38481965634752235,0,0
-0.7889410286958334,0.16308912622690294,0,2
-1.985575460437312,-0.7191556161361401,1,0
-1.5459360942352005,1.4956366858575958,0,0
-0.08888755018672592,0.28376534385658636,0,4
0.2257654302024127,0.4503232628086928,0,4
0.2566399244131745,-0.6413184011662508,1,1
-0.2629774654467402,-0.22318167231610825,1,3
-1.543222104760928,0.6902641642381793,0,3
-1.576455929729469,-1.9491780706834982,1,3
0.14732436432418597,-0.2705605961464571,0,3
-0.8245678819804404,-0.6417867198833105,0,1
1.3048355415439372,-1.133988036020643,0,3
-1.458912753505715,0.680408737439401,0,0
1.6870979236705455,-0.7679388487735086,1,1
-0.6664961822256021,-1.0394129764193187,0,1
0.2231890013647071,1.0011425989104707,1,1
0.22316192930400555,-1.8789068664408723,0,4
-0.34400754985883303,1.0335427338865242,0,3
-2.013482844627813,1.0661412820827518,0,2
-0.48239538641784946,-2.04446786984061,0,3
1.5224601960339834,-0.22797345996980317,1,4
-1.2807932750613495,0.2868211482781443,0,1
-1.8421091473039353,1.0177976721056012,0,0
-0.21887349696292271,-0.5305574736759213,1,2
-0.4123870654095842,-0.16580710200261511,0,2
-1.2928417580666416,0.7446028315742145,0,1
-0.7525727147667658,-0.9017421419874058,0,3
-0.48107908293719875,0.5821204229915965,0,4
-0.412874463465237,1.1050972725575643,0,2
0.1627738223612863,-1.0487187466700578,0,2
0.7066632523226642,0.2993821681714397,0,4
0.38707490517254467,0.07801470690489919,1,2
0.3417487352318012,-1.0504339196842483,0,2
1.6801429555298988,0.15174992047012,1,0
1.0953032250052912,-0.2576775303954764,1,0
-2.9128401534924517,-0.7937718444990962,1,1
-0.3631618436276589,-0.36119510004055716,1,2
-1.576550190516952,-0.9769834957732049,1,3
-0.689136464137171,0.39816723685596594,0,4
0.7710738648430818,0.40955136746577686,0,0
-0.20118612407575126,0.7565495207317502,0,3
-0.4283892633016004,0.1003852936445118,0,4
1.3169715295415156,0.21098328572318412,1,4
-1.5037779416127803,-0.5590652610761727,0,4
-0.09381435011968565,0.6515581698016037,0,2
0.5487588588431971,-0.6249575292851167,1,1
0.02413470457869326,0.5646398069670131,0,2
-1.163275211153044,-0.4577562514637076,1,3
-0.022567563312705183,-0.7743181110095517,1,3
0.8075121753696227,0.38968366766114976,0,3
0.3572499732327698,1.6345509482254639,0,4
0.3176914257448595,0.8560488198380214,0,0
0.30744802953512257,-0.44936318442257167,0,3
0.1351916918110402,-1.3895249808783172,0,3
-1.2412608023836462,-1.5028513180680123,0,0
-0.3091021864017631,0.2802894763637916,0,0
0.4308376930089883,0.1637845419171908,0,0
-3.114509202550763,-1.930013860778563,1,3
0.7571779658478263,-0.15891516532667804,0,2
0.3374244621253939,1.0769909842279743,0,2
-1.0841797109141487,-0.0255884235768817,0,4
-0.746350099944262,-0.032361842037741125,0,0
-0.20384129632367373,-1.1601921179626042,0,0
0.41343495917363354,0.6896240335278586,1,3
-0.3740266468770724,-0.7067085623317264,0,4
1.1670031079635066,-0.5703150183735061,1,2
0.41312561246719365,1.14616672789585,0,0
-0.7865714058807218,-1.0132282811592563,0,0
-0.47118191900406553,-0.20252555633844876,0,0
0.22757962349564587,-0.010103822600866907,0,2
0.728374031602327,0.38518724167618096,0,4
0.6800154755101223,1.5378444110734248,1,2
-0.09759375167107351,-0.018340150271273437,0,1
0.14949504754220225,0.5221234980226651,1,0
-0.025101041388611755,-0.0923057128105607,1,1
0.8219899252646468,-1.674066531870293,1,4
-0.9862445163062207,1.1123383800780098,0,1
0.6028426927881737,0.7324283906401677,0,1
-1.8524030630672448,1.2013507593065542,1,0
0.45103295916915986,-1.0520631150566355,0,0
0.25621281566075865,0.14192170342454816,0,4
-0.00037415191085327944,1.9012765796234417,0,3
-2.132609330331054,2.2047021264985607,0,2
1.5667240700979441,0.07537203650134028,1,0
0.8984111450590041,0.29608848970633106,0,4
0.025448333085432605,-0.9599856992825272,0,3
0.4587073307315477,-0.20588990041102204,1,0
-0.9393821511787948,-0.7654582616185529,0,3
0.5122731534487154,1.0457653397686908,0,0
1.5600871471211124,-0.4033181157583828,1,1
-1.1780855897115183,-0.09136049677570367,0,4
2.692757483064791,0.7944362108978404,1,4
-0.43692896019573085,-0.1320002418266943,0,0
0.8274078729419865,1.0396783363797986,0,3
-0.8261107818218721,-0.16837381365592605,0,4
0.3904056328034139,0.7487816382130157,0,2
-1.2739393889900783,-1.0115259840204927,0,3
-0.6589940135992426,-0.017136269045231536,0,3
-0.22857727997130367,-1.475529078608263,1,1
-0.6558216104131183,-0.8628700790800413,0,2
-0.2414299669927129,-0.7380647861701016,0,3
0.975952863745776,1.9329050591616663,1,0
-1.277085220600018,-1.0586892925258387,0,0
-1.1957531734875813,1.9382469872542638,0,2
0.04705925490202444,0.6603116531547669,0,3
-0.5641896711721861,0.4618817250501865,0,1
-1.0037490560859974,-0.7291870264646677,0,0
0.132032789938094,0.8140601879416793,0,1
-0.564366855654809,1.8871580461934296,0,2
0.3361401962975113,0.978912270672353,0,3
-0.039760071494656865,0.39776554084164023,0,1
-0.20121490244760423,0.07623597150847458,0,0
-0.06823995780598015,0.6907862431417072,0,4
1.0232404147483936,0.159167903264871,0,2
1.314104497110424,-0.20725003522535546,0,1
-0.1596042892909457,0.8703145997698127,0,1
-1.0299675696349995,-0.33144869024710194,0,1
-1.5112916021430087,0.8874397746680266,0,4
-2.233578153381158,2.1042204146091086,0,4
-1.1759559511003568,0.9601989277843755,0,1
-0.8523197017513618,-0.4823362717131899,0,2
-0.05253554887614222,-0.1870168394497086,1,0
-1.8805388273679782,1.0605993929900768,0,4
1.4296912013305003,-0.8236691498291207,0,4
1.0635557457740161,1.8683368001802814,1,3
1.2451703584515783,-0.1950810487496244,0,0
-0.5128902147522479,0.13858029446789108,0,4
0.24400126107973663,0.42201979127453015,1,2
-0.9473643186086584,3.257199074716764,0,1
1.5498095656014481,-0.08746492182189941,1,4
-1.2130250625402432,-0.5723287218550178,1,0
-0.5136253225408067,-0.4037062446022612,0,2
1.4234158750959633,0.6574706370791706,1,3
2.4898121127481283,1.6963789176068738,1,0
-0.0917264789213937,-1.0172434543435567,0,0
-0.414234225676356,-0.35253844111411925,0,3
-2.5071319369808713,-0.21929432702371066,1,4
1.7104520165245896,-0.38606923058570836,1,0
0.3081821779926003,1.501047882596636,0,3
-1.8839408205022823,0.8856578662811329,0,0
0.8713568934768913,1.416426297211753,0,2
0.6138812820393205,-0.47974275486484425,0,3
-0.35439962315536616,-1.0967927320752584,0,4
-0.5578363689123994,-0.05111589096735185,0,3
0.7301253248364348,-0.747573601267125,0,3
0.23394533381447996,0.21504592988861723,0,2
0.486833642037625,1.0597017435194804,1,1
1.2264947326098559,-2.1865836841480757,1,3
1.1931899534125747,0.738457692785419,0,2
0.7605131054725042,2.1418280128720326,1,4
0.5852847040864307,-1.2260017238339829,0,0
-1.278184723779348,0.3214964484658639,0,4
-1.1154591670196043,-1.1778509499972825,0,2
0.818522718004068,-0.8729168475734732,1,4
0.6472027784471447,0.11418078207409765,0,2
0.5181817409352328,1.824578054930774,0,0
0.8403471898212221,1.6089894922905934,0,2
-0.554003346709953,0.11382232682878204,0,3
0.5649234322237021,1.026807304760163,1,2
-0.9888810121630713,-2.7655779246670567,1,2
0.062380140162429085,-0.35220786125683784,0,0
0.9293259499276398,-0.250909689886589,0,1
-0.6768644678810902,0.5736104270965086,0,0
1.9529079334965758,-0.7837235119093278,1,3
1.1340794938899716,-0.8851197713906963,1,1
1.372107154419962,-0.922937659714148,1,2
-0.21115640124109236,0.5695038082281503,0,0
-1.3889494374907536,0.37476565216467417,0,4
-0.6985898307250517,-0.3664373169105649,0,2
0.5516669716449893,0.9367417536378219,1,2
-0.279003033379824,-0.14096956562604682,0,1
0.7213651683586999,-0.62744358681017,0,1
0.1504549173783988,-0.6941938225481445,1,2
-0.5897537532013102,-2.0940803838257245,1,3
0.9342152890594956,0.1642509844687974,0,0
1.3517446999378013,0.6945195944129824,0,3
-0.7321492123372021,0.49815759398503895,0,1
0.5119076220208492,2.661205947199466,0,3
0.15659417915392052,-0.35181544406498944,0,1
0.2808796596113367,-1.2897778309108172,1,0
-0.10410746556216266,1.7877017834463647,0,2
-1.2526814308633278,1.5659489314854476,0,0
1.4095237575528217,-0.7842351299597102,1,2
-1.0435918670800048,-0.058973969630420287,0,4
-0.8706263381514543,-0.48986640228500844,0,4
0.6562705924235791,0.5411390095865136,0,0
0.17987479984189614,-0.3368725502133775,0,2
-0.7960370419441086,0.7700532474283642,0,1
-0.657547376480706,0.9833555601864253,0,3
-0.15869749083707735,1.983027453146224,0,2
-0.43608217996898674,-0.4123833713914764,0,2
0.6465263240499457,0.7745799450845614,1,1
-1.164219118256684,1.0426020706033752,0,3
0.3633206791504235,0.24219279158200022,0,4
1.5305348178813087,1.6230543899046477,0,4
0.20136219256394736,0.4427839499450758,1,1
-0.8882934081494894,0.14340515300775344,1,2
-0.7230384817750796,2.1272121159409947,0,4
0.04366447607196148,-0.7697505004049378,0,3
-0.6242140872163027,1.1947519880918984,0,3
1.2346022720031895,-0.7344396871802495,1,4
-1.84038369746289,0.5984597023301317,0,4
1.6389628180237394,0.8170655578602324,1,3
-2.02498981352117,0.9564937800140482,0,4
-0.041008873283271526,1.4528615414307142,0,3
-1.0829722045308743,-0.664814607961201,0,3
0.8201832387747617,-1.2459811510613257,0,2
-0.7740336765771412,0.21256468115985777,0,1
-1.1330678478078213,0.3256680928327929,0,0
-0.3400249821490265,-0.0787557193315917,0,0
-0.411008703763789,2.4950131871728485,0,2
-1.9350301322854147,0.1287480784987166,0,3
0.45451614377504707,-1.2780490190910927,1,3
-2.3926254913445897,-0.713284566362473,1,3
1.1763373122369931,0.47413711576352796,1,1
-0.33006487490335196,-0.0907245364595582,0,2
0.9530067793143007,1.1880876404572724,0,1
-0.6005581851213412,0.8923405446831039,0,0
-0.793107066809874,0.9222601666068166,0,4
0.6517481414391002,0.8635276212957119,1,1
-0.5841397575729183,0.8201884352086035,0,1
-1.547606081000442,-0.11674109467348516,1,3
-0.08707687567252177,1.5653543484628831,0,2
-1.3770696057185927,1.1302148065207214,0,4
-0.012907222166126376,-0.6958749725106044,0,1
1.3789395012809849,0.44806905870215924,1,3
0.9626683754358186,1.0431465206724482,1,0
0.0018517311427626063,1.4513513380054217,0,0
-0.16571872790200548,0.47932447991409655,1,4
-0.3167853963271207,0.8662751217621971,0,0
-0.6375453957718332,-1.9472798859251375,0,3
0.3550738828226099,-0.2503167311911046,0,4
-0.15788509607201345,0.009049898745630973,0,3
-0.38169915196075527,-1.0162501296115314,0,1
0.27004773965400325,-0.001427968279875479,1,0
-2.0183767314742744,-0.2604222309750084,1,2
1.9564801798652187,-1.1599671964468858,1,2
0.6301338425131954,0.5643689201499958,0,1
-1.393763321302374,-0.6599708433139979,0,0
0.11504651126307391,-0.3894591234025015,0,2
-1.1290851488393094,0.9699476124142469,1,1
-0.539268340518856,-0.6454208613874631,0,3
-0.8951094234143367,1.4006627824866282,0,4
1.091860834840603,0.47142232096413794,1,3
-1.920733467141346,-0.8321395664050784,0,0
-0.35439340308271255,-1.451934571321874,0,2
-1.6490629637801018,0.0813297688185714,0,0
-0.020449621302592903,-0.7320993392205094,1,0
-0.3177080180945167,-1.180526459763615,1,3
-1.4067199175642253,-1.2712779824717215,0,4
1.4397344147735909,-0.5185137458033552,0,3
1.5634429173578683,-0.4757923578819922,1,3
-0.5641825025787985,0.16156558080063135,0,1
0.521928192065777,-1.2509904452223897,1,4
-0.14880667866312836,-0.5290852783797475,0,2
0.24344070793427944,-0.6227593539594851,1,3
1.5321309641034182,-0.7542448954043626,1,4
-0.26864061378916043,1.3019073272176465,1,4
1.7921674835677526,0.2715569675197484,1,4
-0.28819485343046514,2.1466659442761005,0,0
-0.093553934343399,0.7917031009973552,0,0
1.8893174375502042,0.3709514132734059,1,1
0.2752171973222455,1.255921763906791,0,2
-2.0319416337073934,1.1714576009859077,1,3
0.22480287490434125,-1.6201353530972067,0,1
-1.2818532298156093,-0.8039795412089118,0,1
-1.6626028938631017,-0.22574884649058086,0,2
-0.9426428635455374,0.28545297126862895,0,2
0.32608038078942664,0.2813581333310336,0,4
-1.1133676524120841,-1.5433941324826768,1,2
-1.4012585088328537,0.37752099130610356,0,4
-0.3797615321611772,0.4475123345364248,0,1
0.40461064826815746,-0.8992520478253128,0,3
-0.6963782840445554,-1.1683697144921645,0,4
-1.3064363852955831,0.5703353931316224,0,2
-2.1726926140121936,-0.44270410404633015,0,2
-0.7762024879216735,0.8498698970150325,1,4
0.8443084416557756,1.0125321776067526,1,3
1.0020902211528702,0.37617644888836693,0,4
0.7898114515388498,-1.4341400627923468,1,0
-0.1752912422134645,-0.8907668890107865,1,1
0.1293513837202993,-1.8297978906213315,0,4
1.2677034455396436,-0.5093866357812649,1,4
-0.8686774271970495,-0.8898497718803172,1,0
0.3640755760714875,1.56353585091093,1,1
-1.870896396033325,0.64493437570627,0,0
0.6822976621161289,-0.24859482109414166,1,1
-0.45104303874267804,-1.2202515346377913,0,3
-1.1556314350235173,1.8056491900002554,0,1
0.7728339482670773,-0.8769004497708135,0,2
-1.111234952164971,-2.0154953872997314,1,2
-0.8672816781160412,-0.7521490784673149,0,3
1.5368184215190834,-1.440762427202922,1,1
-1.0460250843496357,0.8167286805746939,0,0
-0.6560050267337564,-1.0266428268850034,0,2
-0.6832544940131859,0.5123002215009219,0,0
0.7848009523262729,1.5054635870403834,0,3
-1.8359116973191236,-0.9199545784789896,1,4
1.2503956829878147,-0.11792796086232477,1,2
-0.24335386403034456,1.9090180124828737,0,1
-0.3168663548039241,-0.2679666507531389,0,3
-0.8966814169071501,-0.25660356304254406,0,0
-0.14545132766747096,-0.3114738530208609,0,0
1.4703935224947604,-0.7500543319303509,1,3
0.21285238644641027,-0.793794397683937,1,1
-0.9325401918678239,1.0455449035802282,0,2
-0.34735516264973815,1.2401394628911044,0,2
0.5344530665795392,-0.9017228060195078,0,1
0.08532507218745246,2.0066816575193047,0,2
-0.25731059154372726,1.647814874937013,0,3
0.6045729131451918,-0.3089426622692039,1,4
0.3610866851108724,-1.6550681996704129,1,2
-1.0777160147683866,-1.021828410381641,1,4
-1.9149163522882977,-0.20269241184458228,0,2
0.5004882032306607,-0.24177562323683194,1,1
1.8574441213279524,1.7184840406988335,0,1
-0.8207313942661076,-1.2780503186756131,1,0
-0.14101171725603068,-0.11459891682585936,0,3
1.3540813825052267,-0.192865875243735,1,4
1.7396339654385549,0.8220069067261765,1,0
0.06523588767656609,-0.23390181430336687,0,2
1.2497252740649583,-0.28029518746909443,1,2
0.7506339707140546,-0.018905411660206227,0,3
-0.5558157303687167,-0.462589036743513,0,4
-2.0188116179205275,0.5502955851475098,1,3
-0.9094275615969974,0.551048408112077,0,2
0.3692293314057658,-0.8705242998530732,0,2
